[ INFO] 2017-02-10 10:17:36,014 [] [] FTP server started
[ INFO] 2017-02-10 10:18:10,158 [] [0:0:0:0:0:0:0:1] CREATED
[ INFO] 2017-02-10 10:18:10,210 [] [0:0:0:0:0:0:0:1] OPENED
[ INFO] 2017-02-10 10:18:10,221 [] [0:0:0:0:0:0:0:1] CREATED
[ INFO] 2017-02-10 10:18:10,222 [] [0:0:0:0:0:0:0:1] OPENED
[ INFO] 2017-02-10 10:18:10,226 [] [0:0:0:0:0:0:0:1] RECEIVED: HEAD / HTTP/1.1
[ INFO] 2017-02-10 10:18:10,226 [] [0:0:0:0:0:0:0:1] RECEIVED: GET / HTTP/1.1
[ INFO] 2017-02-10 10:18:10,227 [] [0:0:0:0:0:0:0:1] RECEIVED: Host: localhost:21
[ INFO] 2017-02-10 10:18:10,227 [] [0:0:0:0:0:0:0:1] RECEIVED: Accept-Language: en-us,en;q=0.5
[ INFO] 2017-02-10 10:18:10,228 [] [0:0:0:0:0:0:0:1] RECEIVED: Accept-Encoding: gzip, deflate
[ INFO] 2017-02-10 10:18:10,230 [] [0:0:0:0:0:0:0:1] RECEIVED: Accept: text/html,application/xhtml+xml,application/xml;q=0.9,*/*;q=0.8
[ INFO] 2017-02-10 10:18:10,230 [] [0:0:0:0:0:0:0:1] RECEIVED: Host: localhost:21
[ INFO] 2017-02-10 10:18:10,230 [] [0:0:0:0:0:0:0:1] RECEIVED: User-Agent: Mozilla/5.0 (X11; Linux x86_64; rv:10.0) Gecko/20150101 Firefox/44.0 (Chrome)
[ INFO] 2017-02-10 10:18:10,230 [] [0:0:0:0:0:0:0:1] RECEIVED: Accept-Charset: ISO-8859-1,utf-8;q=0.7,*;q=0.7
[ INFO] 2017-02-10 10:18:10,231 [] [0:0:0:0:0:0:0:1] RECEIVED: Connection: close
[ INFO] 2017-02-10 10:18:10,231 [] [0:0:0:0:0:0:0:1] RECEIVED: Accept-Language: en-us,en;q=0.5
[ INFO] 2017-02-10 10:18:10,231 [] [0:0:0:0:0:0:0:1] RECEIVED: 
[ INFO] 2017-02-10 10:18:10,231 [] [0:0:0:0:0:0:0:1] SENT: 220 Service ready for new user.

[ INFO] 2017-02-10 10:18:10,231 [] [0:0:0:0:0:0:0:1] RECEIVED: Accept-Encoding: *
[ INFO] 2017-02-10 10:18:10,231 [] [0:0:0:0:0:0:0:1] RECEIVED: Accept: text/html,application/xhtml+xml,application/xml;q=0.9,*/*;q=0.8
[ INFO] 2017-02-10 10:18:10,232 [] [0:0:0:0:0:0:0:1] RECEIVED: User-Agent: Mozilla/5.0 (X11; Linux x86_64; rv:10.0) Gecko/20150101 Firefox/44.0 (Chrome)
[ INFO] 2017-02-10 10:18:10,232 [] [0:0:0:0:0:0:0:1] CLOSED
[ INFO] 2017-02-10 10:18:10,232 [] [0:0:0:0:0:0:0:1] RECEIVED: Accept-Charset: ISO-8859-1,utf-8;q=0.7,*;q=0.7
[ INFO] 2017-02-10 10:18:10,232 [] [0:0:0:0:0:0:0:1] RECEIVED: Connection: close
[ INFO] 2017-02-10 10:18:10,233 [] [0:0:0:0:0:0:0:1] RECEIVED: 
[ INFO] 2017-02-10 10:18:10,233 [] [0:0:0:0:0:0:0:1] SENT: 220 Service ready for new user.

[ INFO] 2017-02-10 10:18:10,233 [] [0:0:0:0:0:0:0:1] SENT: 530 Access denied.

[ INFO] 2017-02-10 10:18:10,233 [] [0:0:0:0:0:0:0:1] SENT: 530 Access denied.

[ INFO] 2017-02-10 10:18:10,233 [] [0:0:0:0:0:0:0:1] SENT: 530 Access denied.

[ INFO] 2017-02-10 10:18:10,233 [] [0:0:0:0:0:0:0:1] SENT: 530 Access denied.

[ INFO] 2017-02-10 10:18:10,233 [] [0:0:0:0:0:0:0:1] SENT: 530 Access denied.

[ INFO] 2017-02-10 10:18:10,234 [] [0:0:0:0:0:0:0:1] SENT: 530 Access denied.

[ INFO] 2017-02-10 10:18:10,234 [] [0:0:0:0:0:0:0:1] SENT: 530 Access denied.

[ INFO] 2017-02-10 10:18:10,234 [] [0:0:0:0:0:0:0:1] SENT: 530 Access denied.

[ INFO] 2017-02-10 10:18:10,234 [] [0:0:0:0:0:0:0:1] SENT: 530 Access denied.

[ WARN] 2017-02-10 10:18:10,238 [] [0:0:0:0:0:0:0:1] EXCEPTION :
java.io.IOException: Une connexion existante a dû être fermée par l’hôte distant
	at sun.nio.ch.SocketDispatcher.read0(Native Method)
	at sun.nio.ch.SocketDispatcher.read(Unknown Source)
	at sun.nio.ch.IOUtil.readIntoNativeBuffer(Unknown Source)
	at sun.nio.ch.IOUtil.read(Unknown Source)
	at sun.nio.ch.SocketChannelImpl.read(Unknown Source)
	at org.apache.mina.transport.socket.nio.NioProcessor.read(NioProcessor.java:317)
	at org.apache.mina.transport.socket.nio.NioProcessor.read(NioProcessor.java:45)
	at org.apache.mina.core.polling.AbstractPollingIoProcessor.read(AbstractPollingIoProcessor.java:683)
	at org.apache.mina.core.polling.AbstractPollingIoProcessor.process(AbstractPollingIoProcessor.java:659)
	at org.apache.mina.core.polling.AbstractPollingIoProcessor.process(AbstractPollingIoProcessor.java:648)
	at org.apache.mina.core.polling.AbstractPollingIoProcessor.access$600(AbstractPollingIoProcessor.java:68)
	at org.apache.mina.core.polling.AbstractPollingIoProcessor$Processor.run(AbstractPollingIoProcessor.java:1120)
	at org.apache.mina.util.NamePreservingRunnable.run(NamePreservingRunnable.java:64)
	at java.util.concurrent.ThreadPoolExecutor.runWorker(Unknown Source)
	at java.util.concurrent.ThreadPoolExecutor$Worker.run(Unknown Source)
	at java.lang.Thread.run(Unknown Source)
[ERROR] 2017-02-10 10:18:10,240 [] [0:0:0:0:0:0:0:1] Exception caught, closing session
java.io.IOException: Une connexion existante a dû être fermée par l’hôte distant
	at sun.nio.ch.SocketDispatcher.read0(Native Method)
	at sun.nio.ch.SocketDispatcher.read(Unknown Source)
	at sun.nio.ch.IOUtil.readIntoNativeBuffer(Unknown Source)
	at sun.nio.ch.IOUtil.read(Unknown Source)
	at sun.nio.ch.SocketChannelImpl.read(Unknown Source)
	at org.apache.mina.transport.socket.nio.NioProcessor.read(NioProcessor.java:317)
	at org.apache.mina.transport.socket.nio.NioProcessor.read(NioProcessor.java:45)
	at org.apache.mina.core.polling.AbstractPollingIoProcessor.read(AbstractPollingIoProcessor.java:683)
	at org.apache.mina.core.polling.AbstractPollingIoProcessor.process(AbstractPollingIoProcessor.java:659)
	at org.apache.mina.core.polling.AbstractPollingIoProcessor.process(AbstractPollingIoProcessor.java:648)
	at org.apache.mina.core.polling.AbstractPollingIoProcessor.access$600(AbstractPollingIoProcessor.java:68)
	at org.apache.mina.core.polling.AbstractPollingIoProcessor$Processor.run(AbstractPollingIoProcessor.java:1120)
	at org.apache.mina.util.NamePreservingRunnable.run(NamePreservingRunnable.java:64)
	at java.util.concurrent.ThreadPoolExecutor.runWorker(Unknown Source)
	at java.util.concurrent.ThreadPoolExecutor$Worker.run(Unknown Source)
	at java.lang.Thread.run(Unknown Source)
[ INFO] 2017-02-10 10:18:10,240 [] [0:0:0:0:0:0:0:1] CLOSED
[ INFO] 2017-02-10 10:18:24,467 [] [0:0:0:0:0:0:0:1] CREATED
[ INFO] 2017-02-10 10:18:24,468 [] [0:0:0:0:0:0:0:1] OPENED
[ INFO] 2017-02-10 10:18:24,469 [] [0:0:0:0:0:0:0:1] SENT: 220 Service ready for new user.

[ INFO] 2017-02-10 10:18:24,473 [] [0:0:0:0:0:0:0:1] RECEIVED: USER anonymous
[ INFO] 2017-02-10 10:18:24,473 [anonymous] [0:0:0:0:0:0:0:1] SENT: 331 Guest login okay, send your complete e-mail address as password.

[ INFO] 2017-02-10 10:18:24,474 [anonymous] [0:0:0:0:0:0:0:1] RECEIVED: PASS *****
[ WARN] 2017-02-10 10:18:24,476 [anonymous] [0:0:0:0:0:0:0:1] User failed to log in
[ WARN] 2017-02-10 10:18:24,978 [anonymous] [0:0:0:0:0:0:0:1] Login failure - anonymous
[ INFO] 2017-02-10 10:18:24,980 [anonymous] [0:0:0:0:0:0:0:1] SENT: 530 Authentication failed.

[ INFO] 2017-02-10 10:18:24,980 [anonymous] [0:0:0:0:0:0:0:1] CLOSED
[ INFO] 2017-02-10 10:18:24,980 [] [0:0:0:0:0:0:0:1] CREATED
[ INFO] 2017-02-10 10:18:24,981 [] [0:0:0:0:0:0:0:1] OPENED
[ INFO] 2017-02-10 10:18:24,982 [] [0:0:0:0:0:0:0:1] SENT: 220 Service ready for new user.

[ INFO] 2017-02-10 10:18:31,475 [] [0:0:0:0:0:0:0:1] RECEIVED: USER h
[ INFO] 2017-02-10 10:18:31,476 [h] [0:0:0:0:0:0:0:1] SENT: 331 User name okay, need password for h.

[ INFO] 2017-02-10 10:18:31,509 [h] [0:0:0:0:0:0:0:1] RECEIVED: PASS *****
[ WARN] 2017-02-10 10:18:31,509 [h] [0:0:0:0:0:0:0:1] User failed to log in
[ WARN] 2017-02-10 10:18:32,009 [h] [0:0:0:0:0:0:0:1] Login failure - h
[ INFO] 2017-02-10 10:18:32,010 [h] [0:0:0:0:0:0:0:1] SENT: 530 Authentication failed.

[ INFO] 2017-02-10 10:18:32,012 [h] [0:0:0:0:0:0:0:1] CLOSED
[ INFO] 2017-02-10 10:22:18,612 [] [] FTP server started
[ INFO] 2017-02-10 10:22:49,865 [] [0:0:0:0:0:0:0:1] CREATED
[ INFO] 2017-02-10 10:22:49,916 [] [0:0:0:0:0:0:0:1] OPENED
[ INFO] 2017-02-10 10:22:49,931 [] [0:0:0:0:0:0:0:1] SENT: 220 Service ready for new user.

[ INFO] 2017-02-10 10:22:49,933 [] [0:0:0:0:0:0:0:1] RECEIVED: USER anonymous
[ INFO] 2017-02-10 10:22:49,934 [anonymous] [0:0:0:0:0:0:0:1] SENT: 331 Guest login okay, send your complete e-mail address as password.

[ INFO] 2017-02-10 10:22:49,935 [anonymous] [0:0:0:0:0:0:0:1] RECEIVED: PASS *****
[ WARN] 2017-02-10 10:22:49,936 [anonymous] [0:0:0:0:0:0:0:1] User failed to log in
[ WARN] 2017-02-10 10:22:50,451 [anonymous] [0:0:0:0:0:0:0:1] Login failure - anonymous
[ INFO] 2017-02-10 10:22:50,451 [anonymous] [0:0:0:0:0:0:0:1] SENT: 530 Authentication failed.

[ INFO] 2017-02-10 10:22:50,451 [anonymous] [0:0:0:0:0:0:0:1] CLOSED
[ INFO] 2017-02-10 10:22:50,451 [] [0:0:0:0:0:0:0:1] CREATED
[ INFO] 2017-02-10 10:22:50,467 [anonymous] [0:0:0:0:0:0:0:1] OPENED
[ INFO] 2017-02-10 10:22:50,467 [] [0:0:0:0:0:0:0:1] SENT: 220 Service ready for new user.

[ INFO] 2017-02-10 10:22:57,974 [anonymous] [0:0:0:0:0:0:0:1] RECEIVED: USER brette
[ INFO] 2017-02-10 10:22:57,974 [brette] [0:0:0:0:0:0:0:1] SENT: 331 User name okay, need password for brette.

[ INFO] 2017-02-10 10:22:58,005 [brette] [0:0:0:0:0:0:0:1] RECEIVED: PASS *****
[ WARN] 2017-02-10 10:22:58,005 [brette] [0:0:0:0:0:0:0:1] User failed to log in
[ WARN] 2017-02-10 10:22:58,508 [brette] [0:0:0:0:0:0:0:1] Login failure - brette
[ INFO] 2017-02-10 10:22:58,508 [brette] [0:0:0:0:0:0:0:1] SENT: 530 Authentication failed.

[ INFO] 2017-02-10 10:22:58,508 [brette] [0:0:0:0:0:0:0:1] CLOSED
[ INFO] 2017-02-10 10:28:29,798 [] [0:0:0:0:0:0:0:1] CREATED
[ INFO] 2017-02-10 10:28:29,798 [] [0:0:0:0:0:0:0:1] OPENED
[ INFO] 2017-02-10 10:28:29,814 [] [0:0:0:0:0:0:0:1] RECEIVED: HEAD / HTTP/1.1
[ INFO] 2017-02-10 10:28:29,814 [] [0:0:0:0:0:0:0:1] RECEIVED: Host: localhost:21
[ INFO] 2017-02-10 10:28:29,814 [] [0:0:0:0:0:0:0:1] RECEIVED: Accept-Language: en-us,en;q=0.5
[ INFO] 2017-02-10 10:28:29,814 [] [0:0:0:0:0:0:0:1] RECEIVED: Accept-Encoding: gzip, deflate
[ INFO] 2017-02-10 10:28:29,814 [] [0:0:0:0:0:0:0:1] CREATED
[ INFO] 2017-02-10 10:28:29,814 [] [0:0:0:0:0:0:0:1] RECEIVED: Accept: text/html,application/xhtml+xml,application/xml;q=0.9,*/*;q=0.8
[ INFO] 2017-02-10 10:28:29,814 [] [0:0:0:0:0:0:0:1] RECEIVED: User-Agent: Mozilla/5.0 (X11; Linux x86_64; rv:10.0) Gecko/20150101 Firefox/44.0 (Chrome)
[ INFO] 2017-02-10 10:28:29,814 [] [0:0:0:0:0:0:0:1] RECEIVED: Accept-Charset: ISO-8859-1,utf-8;q=0.7,*;q=0.7
[ INFO] 2017-02-10 10:28:29,814 [] [0:0:0:0:0:0:0:1] RECEIVED: Connection: close
[ INFO] 2017-02-10 10:28:29,814 [] [0:0:0:0:0:0:0:1] RECEIVED: 
[ INFO] 2017-02-10 10:28:29,814 [] [0:0:0:0:0:0:0:1] SENT: 220 Service ready for new user.

[ INFO] 2017-02-10 10:28:29,814 [] [0:0:0:0:0:0:0:1] CLOSED
[ INFO] 2017-02-10 10:28:29,814 [] [0:0:0:0:0:0:0:1] OPENED
[ INFO] 2017-02-10 10:28:29,814 [] [0:0:0:0:0:0:0:1] RECEIVED: GET / HTTP/1.1
[ INFO] 2017-02-10 10:28:29,814 [] [0:0:0:0:0:0:0:1] RECEIVED: Host: localhost:21
[ INFO] 2017-02-10 10:28:29,814 [] [0:0:0:0:0:0:0:1] RECEIVED: Accept-Language: en-us,en;q=0.5
[ INFO] 2017-02-10 10:28:29,814 [] [0:0:0:0:0:0:0:1] RECEIVED: Accept-Encoding: *
[ INFO] 2017-02-10 10:28:29,814 [] [0:0:0:0:0:0:0:1] RECEIVED: Accept: text/html,application/xhtml+xml,application/xml;q=0.9,*/*;q=0.8
[ INFO] 2017-02-10 10:28:29,814 [] [0:0:0:0:0:0:0:1] RECEIVED: User-Agent: Mozilla/5.0 (X11; Linux x86_64; rv:10.0) Gecko/20150101 Firefox/44.0 (Chrome)
[ INFO] 2017-02-10 10:28:29,814 [] [0:0:0:0:0:0:0:1] RECEIVED: Accept-Charset: ISO-8859-1,utf-8;q=0.7,*;q=0.7
[ INFO] 2017-02-10 10:28:29,814 [] [0:0:0:0:0:0:0:1] RECEIVED: Connection: close
[ INFO] 2017-02-10 10:28:29,814 [] [0:0:0:0:0:0:0:1] RECEIVED: 
[ INFO] 2017-02-10 10:28:29,814 [] [0:0:0:0:0:0:0:1] SENT: 220 Service ready for new user.

[ INFO] 2017-02-10 10:28:29,814 [] [0:0:0:0:0:0:0:1] SENT: 530 Access denied.

[ INFO] 2017-02-10 10:28:29,814 [] [0:0:0:0:0:0:0:1] SENT: 530 Access denied.

[ INFO] 2017-02-10 10:28:29,814 [] [0:0:0:0:0:0:0:1] SENT: 530 Access denied.

[ INFO] 2017-02-10 10:28:29,814 [] [0:0:0:0:0:0:0:1] SENT: 530 Access denied.

[ INFO] 2017-02-10 10:28:29,814 [] [0:0:0:0:0:0:0:1] SENT: 530 Access denied.

[ INFO] 2017-02-10 10:28:29,814 [] [0:0:0:0:0:0:0:1] SENT: 530 Access denied.

[ INFO] 2017-02-10 10:28:29,814 [] [0:0:0:0:0:0:0:1] SENT: 530 Access denied.

[ INFO] 2017-02-10 10:28:29,814 [] [0:0:0:0:0:0:0:1] SENT: 530 Access denied.

[ INFO] 2017-02-10 10:28:29,814 [] [0:0:0:0:0:0:0:1] SENT: 530 Access denied.

[ WARN] 2017-02-10 10:28:29,830 [] [0:0:0:0:0:0:0:1] EXCEPTION :
java.io.IOException: Une connexion existante a dû être fermée par l’hôte distant
	at sun.nio.ch.SocketDispatcher.read0(Native Method)
	at sun.nio.ch.SocketDispatcher.read(Unknown Source)
	at sun.nio.ch.IOUtil.readIntoNativeBuffer(Unknown Source)
	at sun.nio.ch.IOUtil.read(Unknown Source)
	at sun.nio.ch.SocketChannelImpl.read(Unknown Source)
	at org.apache.mina.transport.socket.nio.NioProcessor.read(NioProcessor.java:317)
	at org.apache.mina.transport.socket.nio.NioProcessor.read(NioProcessor.java:45)
	at org.apache.mina.core.polling.AbstractPollingIoProcessor.read(AbstractPollingIoProcessor.java:683)
	at org.apache.mina.core.polling.AbstractPollingIoProcessor.process(AbstractPollingIoProcessor.java:659)
	at org.apache.mina.core.polling.AbstractPollingIoProcessor.process(AbstractPollingIoProcessor.java:648)
	at org.apache.mina.core.polling.AbstractPollingIoProcessor.access$600(AbstractPollingIoProcessor.java:68)
	at org.apache.mina.core.polling.AbstractPollingIoProcessor$Processor.run(AbstractPollingIoProcessor.java:1120)
	at org.apache.mina.util.NamePreservingRunnable.run(NamePreservingRunnable.java:64)
	at java.util.concurrent.ThreadPoolExecutor.runWorker(Unknown Source)
	at java.util.concurrent.ThreadPoolExecutor$Worker.run(Unknown Source)
	at java.lang.Thread.run(Unknown Source)
[ERROR] 2017-02-10 10:28:29,830 [] [0:0:0:0:0:0:0:1] Exception caught, closing session
java.io.IOException: Une connexion existante a dû être fermée par l’hôte distant
	at sun.nio.ch.SocketDispatcher.read0(Native Method)
	at sun.nio.ch.SocketDispatcher.read(Unknown Source)
	at sun.nio.ch.IOUtil.readIntoNativeBuffer(Unknown Source)
	at sun.nio.ch.IOUtil.read(Unknown Source)
	at sun.nio.ch.SocketChannelImpl.read(Unknown Source)
	at org.apache.mina.transport.socket.nio.NioProcessor.read(NioProcessor.java:317)
	at org.apache.mina.transport.socket.nio.NioProcessor.read(NioProcessor.java:45)
	at org.apache.mina.core.polling.AbstractPollingIoProcessor.read(AbstractPollingIoProcessor.java:683)
	at org.apache.mina.core.polling.AbstractPollingIoProcessor.process(AbstractPollingIoProcessor.java:659)
	at org.apache.mina.core.polling.AbstractPollingIoProcessor.process(AbstractPollingIoProcessor.java:648)
	at org.apache.mina.core.polling.AbstractPollingIoProcessor.access$600(AbstractPollingIoProcessor.java:68)
	at org.apache.mina.core.polling.AbstractPollingIoProcessor$Processor.run(AbstractPollingIoProcessor.java:1120)
	at org.apache.mina.util.NamePreservingRunnable.run(NamePreservingRunnable.java:64)
	at java.util.concurrent.ThreadPoolExecutor.runWorker(Unknown Source)
	at java.util.concurrent.ThreadPoolExecutor$Worker.run(Unknown Source)
	at java.lang.Thread.run(Unknown Source)
[ INFO] 2017-02-10 10:28:29,830 [] [0:0:0:0:0:0:0:1] CLOSED
[ INFO] 2017-02-10 10:28:53,610 [] [0:0:0:0:0:0:0:1] CREATED
[ INFO] 2017-02-10 10:28:53,610 [] [0:0:0:0:0:0:0:1] OPENED
[ INFO] 2017-02-10 10:28:53,610 [] [0:0:0:0:0:0:0:1] SENT: 220 Service ready for new user.

[ INFO] 2017-02-10 10:28:53,610 [] [0:0:0:0:0:0:0:1] RECEIVED: USER anonymous
[ INFO] 2017-02-10 10:28:53,610 [anonymous] [0:0:0:0:0:0:0:1] SENT: 331 Guest login okay, send your complete e-mail address as password.

[ INFO] 2017-02-10 10:28:53,610 [anonymous] [0:0:0:0:0:0:0:1] RECEIVED: PASS *****
[ WARN] 2017-02-10 10:28:53,610 [anonymous] [0:0:0:0:0:0:0:1] User failed to log in
[ WARN] 2017-02-10 10:28:54,110 [anonymous] [0:0:0:0:0:0:0:1] Login failure - anonymous
[ INFO] 2017-02-10 10:28:54,110 [anonymous] [0:0:0:0:0:0:0:1] SENT: 530 Authentication failed.

[ INFO] 2017-02-10 10:28:54,110 [anonymous] [0:0:0:0:0:0:0:1] CLOSED
[ INFO] 2017-02-10 10:28:54,110 [] [0:0:0:0:0:0:0:1] CREATED
[ INFO] 2017-02-10 10:28:54,110 [] [0:0:0:0:0:0:0:1] OPENED
[ INFO] 2017-02-10 10:28:54,110 [] [0:0:0:0:0:0:0:1] SENT: 220 Service ready for new user.

[ INFO] 2017-02-10 10:28:57,553 [] [0:0:0:0:0:0:0:1] RECEIVED: USER gs
[ INFO] 2017-02-10 10:28:57,553 [gs] [0:0:0:0:0:0:0:1] SENT: 331 User name okay, need password for gs.

[ INFO] 2017-02-10 10:28:59,075 [gs] [0:0:0:0:0:0:0:1] RECEIVED: PASS *****
[ WARN] 2017-02-10 10:28:59,075 [gs] [0:0:0:0:0:0:0:1] User failed to log in
[ WARN] 2017-02-10 10:28:59,590 [gs] [0:0:0:0:0:0:0:1] Login failure - gs
[ INFO] 2017-02-10 10:28:59,590 [gs] [0:0:0:0:0:0:0:1] SENT: 530 Authentication failed.

[ INFO] 2017-02-10 10:28:59,590 [gs] [0:0:0:0:0:0:0:1] CLOSED
[ INFO] 2017-02-10 10:29:36,831 [] [] FTP server started
[ INFO] 2017-02-10 10:29:41,167 [] [0:0:0:0:0:0:0:1] CREATED
[ INFO] 2017-02-10 10:29:41,214 [] [0:0:0:0:0:0:0:1] OPENED
[ INFO] 2017-02-10 10:29:41,214 [] [0:0:0:0:0:0:0:1] SENT: 220 Service ready for new user.

[ INFO] 2017-02-10 10:29:41,214 [] [0:0:0:0:0:0:0:1] RECEIVED: USER anonymous
[ INFO] 2017-02-10 10:29:41,230 [anonymous] [0:0:0:0:0:0:0:1] SENT: 331 Guest login okay, send your complete e-mail address as password.

[ INFO] 2017-02-10 10:29:41,230 [anonymous] [0:0:0:0:0:0:0:1] RECEIVED: PASS *****
[ WARN] 2017-02-10 10:29:41,230 [anonymous] [0:0:0:0:0:0:0:1] User failed to log in
[ WARN] 2017-02-10 10:29:41,739 [anonymous] [0:0:0:0:0:0:0:1] Login failure - anonymous
[ INFO] 2017-02-10 10:29:41,739 [anonymous] [0:0:0:0:0:0:0:1] SENT: 530 Authentication failed.

[ INFO] 2017-02-10 10:29:41,739 [anonymous] [0:0:0:0:0:0:0:1] CLOSED
[ INFO] 2017-02-10 10:29:41,739 [] [0:0:0:0:0:0:0:1] CREATED
[ INFO] 2017-02-10 10:29:41,754 [] [0:0:0:0:0:0:0:1] OPENED
[ INFO] 2017-02-10 10:29:41,754 [] [0:0:0:0:0:0:0:1] SENT: 220 Service ready for new user.

[ INFO] 2017-02-10 10:29:57,828 [] [0:0:0:0:0:0:0:1] CLOSED
[ INFO] 2017-02-10 10:51:17,498 [] [] Refreshing org.springframework.context.support.FileSystemXmlApplicationContext@deb6432: display name [org.springframework.context.support.FileSystemXmlApplicationContext@deb6432]; startup date [Fri Feb 10 10:51:17 CET 2017]; root of context hierarchy
[ INFO] 2017-02-10 10:51:17,561 [] [] Loading XML bean definitions from file [C:\Users\brette\Desktop\apache-ftpserver-1.1.0\res\conf\ftpd-typical.xml]
[ INFO] 2017-02-10 10:51:19,045 [] [] Bean factory for application context [org.springframework.context.support.FileSystemXmlApplicationContext@deb6432]: org.springframework.beans.factory.support.DefaultListableBeanFactory@2d3fcdbd
[ INFO] 2017-02-10 10:51:19,061 [] [] Pre-instantiating singletons in org.springframework.beans.factory.support.DefaultListableBeanFactory@2d3fcdbd: defining beans [org.apache.ftpserver.listener.ListenerFactory#0,org.apache.ftpserver.usermanager.PropertiesUserManagerFactory#0,org.apache.ftpserver.FtpServerFactory#0,myServer]; root of factory hierarchy
[ INFO] 2017-02-10 10:51:19,217 [] [] FTP server started
[ INFO] 2017-02-10 10:51:37,523 [] [0:0:0:0:0:0:0:1] CREATED
[ INFO] 2017-02-10 10:51:37,539 [] [0:0:0:0:0:0:0:1] OPENED
[ INFO] 2017-02-10 10:51:37,552 [] [0:0:0:0:0:0:0:1] SENT: 220 Service ready for new user.

[ INFO] 2017-02-10 10:51:37,554 [] [0:0:0:0:0:0:0:1] RECEIVED: USER anonymous
[ INFO] 2017-02-10 10:51:37,556 [anonymous] [0:0:0:0:0:0:0:1] SENT: 331 Guest login okay, send your complete e-mail address as password.

[ INFO] 2017-02-10 10:51:37,557 [anonymous] [0:0:0:0:0:0:0:1] RECEIVED: PASS *****
[ INFO] 2017-02-10 10:51:37,562 [anonymous] [0:0:0:0:0:0:0:1] Anonymous login success - mozilla@example.com
[ INFO] 2017-02-10 10:51:37,562 [anonymous] [0:0:0:0:0:0:0:1] SENT: 230 User logged in, proceed.

[ INFO] 2017-02-10 10:51:37,565 [anonymous] [0:0:0:0:0:0:0:1] RECEIVED: SYST
[ INFO] 2017-02-10 10:51:37,566 [anonymous] [0:0:0:0:0:0:0:1] SENT: 215 UNIX Type: Apache FtpServer

[ INFO] 2017-02-10 10:51:37,569 [anonymous] [0:0:0:0:0:0:0:1] RECEIVED: FEAT
[ INFO] 2017-02-10 10:51:37,569 [anonymous] [0:0:0:0:0:0:0:1] SENT: 211-Extensions supported
 SIZE
 MDTM
 REST STREAM
 LANG en;zh-tw;ja;is
 MLST Size;Modify;Type;Perm
 AUTH SSL
 AUTH TLS
 MODE Z
 UTF8
 TVFS
 MD5
 MMD5
 MFMT
211 End

[ INFO] 2017-02-10 10:51:37,570 [anonymous] [0:0:0:0:0:0:0:1] RECEIVED: OPTS UTF8 ON
[ INFO] 2017-02-10 10:51:37,570 [anonymous] [0:0:0:0:0:0:0:1] SENT: 200 Command OPTS okay.

[ INFO] 2017-02-10 10:51:37,571 [anonymous] [0:0:0:0:0:0:0:1] RECEIVED: PWD
[ INFO] 2017-02-10 10:51:37,573 [anonymous] [0:0:0:0:0:0:0:1] SENT: 257 "/" is current directory.

[ INFO] 2017-02-10 10:51:37,574 [anonymous] [0:0:0:0:0:0:0:1] RECEIVED: TYPE I
[ INFO] 2017-02-10 10:51:37,575 [anonymous] [0:0:0:0:0:0:0:1] SENT: 200 Command TYPE okay.

[ INFO] 2017-02-10 10:51:37,575 [anonymous] [0:0:0:0:0:0:0:1] RECEIVED: EPSV
[ INFO] 2017-02-10 10:51:37,578 [anonymous] [0:0:0:0:0:0:0:1] SENT: 229 Entering Passive Mode (|||2699|)

[ INFO] 2017-02-10 10:51:37,581 [anonymous] [0:0:0:0:0:0:0:1] RECEIVED: CWD /
[ INFO] 2017-02-10 10:51:37,582 [anonymous] [0:0:0:0:0:0:0:1] SENT: 250 Directory changed to /

[ INFO] 2017-02-10 10:51:37,582 [anonymous] [0:0:0:0:0:0:0:1] RECEIVED: LIST
[ WARN] 2017-02-10 10:51:37,590 [anonymous] [0:0:0:0:0:0:0:1] Releasing unreserved passive port: 2699
[ INFO] 2017-02-10 10:51:37,590 [anonymous] [0:0:0:0:0:0:0:1] SENT: 150 File status okay; about to open data connection.

[ INFO] 2017-02-10 10:51:37,590 [anonymous] [0:0:0:0:0:0:0:1] SENT: 226 Closing data connection.

[ INFO] 2017-02-10 10:51:49,344 [anonymous] [0:0:0:0:0:0:0:1] RECEIVED: EPSV
[ INFO] 2017-02-10 10:51:49,344 [anonymous] [0:0:0:0:0:0:0:1] SENT: 229 Entering Passive Mode (|||2703|)

[ INFO] 2017-02-10 10:51:49,344 [anonymous] [0:0:0:0:0:0:0:1] RECEIVED: CWD /../
[ INFO] 2017-02-10 10:51:49,344 [anonymous] [0:0:0:0:0:0:0:1] SENT: 250 Directory changed to /

[ INFO] 2017-02-10 10:51:49,344 [anonymous] [0:0:0:0:0:0:0:1] RECEIVED: LIST
[ WARN] 2017-02-10 10:51:49,344 [anonymous] [0:0:0:0:0:0:0:1] Releasing unreserved passive port: 2703
[ INFO] 2017-02-10 10:51:49,344 [anonymous] [0:0:0:0:0:0:0:1] SENT: 150 File status okay; about to open data connection.

[ INFO] 2017-02-10 10:51:49,344 [anonymous] [0:0:0:0:0:0:0:1] SENT: 226 Closing data connection.

[ INFO] 2017-02-10 10:51:59,551 [anonymous] [0:0:0:0:0:0:0:1] RECEIVED: EPSV
[ INFO] 2017-02-10 10:51:59,551 [anonymous] [0:0:0:0:0:0:0:1] SENT: 229 Entering Passive Mode (|||2705|)

[ INFO] 2017-02-10 10:51:59,551 [anonymous] [0:0:0:0:0:0:0:1] RECEIVED: CWD /../../
[ INFO] 2017-02-10 10:51:59,551 [anonymous] [0:0:0:0:0:0:0:1] SENT: 250 Directory changed to /

[ INFO] 2017-02-10 10:51:59,566 [anonymous] [0:0:0:0:0:0:0:1] RECEIVED: LIST
[ WARN] 2017-02-10 10:51:59,566 [anonymous] [0:0:0:0:0:0:0:1] Releasing unreserved passive port: 2705
[ INFO] 2017-02-10 10:51:59,566 [anonymous] [0:0:0:0:0:0:0:1] SENT: 150 File status okay; about to open data connection.

[ INFO] 2017-02-10 10:51:59,566 [anonymous] [0:0:0:0:0:0:0:1] SENT: 226 Closing data connection.

[ INFO] 2017-02-10 10:52:04,919 [anonymous] [0:0:0:0:0:0:0:1] RECEIVED: EPSV
[ INFO] 2017-02-10 10:52:04,919 [anonymous] [0:0:0:0:0:0:0:1] SENT: 229 Entering Passive Mode (|||2707|)

[ INFO] 2017-02-10 10:52:04,919 [anonymous] [0:0:0:0:0:0:0:1] RECEIVED: SIZE /../../README.txt
[ INFO] 2017-02-10 10:52:04,919 [anonymous] [0:0:0:0:0:0:0:1] SENT: 213 28

[ INFO] 2017-02-10 10:52:04,919 [anonymous] [0:0:0:0:0:0:0:1] RECEIVED: MDTM /../../README.txt
[ INFO] 2017-02-10 10:52:04,919 [anonymous] [0:0:0:0:0:0:0:1] SENT: 213 20161024110422.000

[ INFO] 2017-02-10 10:52:04,919 [anonymous] [0:0:0:0:0:0:0:1] RECEIVED: RETR /../../README.txt
[ INFO] 2017-02-10 10:52:04,981 [anonymous] [0:0:0:0:0:0:0:1] File downloaded /README.txt
[ WARN] 2017-02-10 10:52:04,981 [anonymous] [0:0:0:0:0:0:0:1] Releasing unreserved passive port: 2707
[ INFO] 2017-02-10 10:52:04,981 [anonymous] [0:0:0:0:0:0:0:1] SENT: 150 File status okay; about to open data connection.

[ INFO] 2017-02-10 10:52:04,981 [anonymous] [0:0:0:0:0:0:0:1] SENT: 226 Transfer complete.

[ INFO] 2017-02-10 10:52:21,015 [anonymous] [0:0:0:0:0:0:0:1] RECEIVED: EPSV
[ INFO] 2017-02-10 10:52:21,015 [anonymous] [0:0:0:0:0:0:0:1] SENT: 229 Entering Passive Mode (|||2709|)

[ INFO] 2017-02-10 10:52:21,015 [anonymous] [0:0:0:0:0:0:0:1] RECEIVED: CWD /
[ INFO] 2017-02-10 10:52:21,015 [anonymous] [0:0:0:0:0:0:0:1] SENT: 250 Directory changed to /

[ INFO] 2017-02-10 10:52:21,015 [anonymous] [0:0:0:0:0:0:0:1] RECEIVED: LIST
[ WARN] 2017-02-10 10:52:21,015 [anonymous] [0:0:0:0:0:0:0:1] Releasing unreserved passive port: 2709
[ INFO] 2017-02-10 10:52:21,015 [anonymous] [0:0:0:0:0:0:0:1] SENT: 150 File status okay; about to open data connection.

[ INFO] 2017-02-10 10:52:21,015 [anonymous] [0:0:0:0:0:0:0:1] SENT: 226 Closing data connection.

[ INFO] 2017-02-10 10:52:36,389 [anonymous] [0:0:0:0:0:0:0:1] RECEIVED: EPSV
[ INFO] 2017-02-10 10:52:36,390 [anonymous] [0:0:0:0:0:0:0:1] SENT: 229 Entering Passive Mode (|||2712|)

[ INFO] 2017-02-10 10:52:36,391 [anonymous] [0:0:0:0:0:0:0:1] RECEIVED: SIZE /README.txt
[ INFO] 2017-02-10 10:52:36,391 [anonymous] [0:0:0:0:0:0:0:1] SENT: 213 28

[ INFO] 2017-02-10 10:52:36,392 [anonymous] [0:0:0:0:0:0:0:1] RECEIVED: MDTM /README.txt
[ INFO] 2017-02-10 10:52:36,392 [anonymous] [0:0:0:0:0:0:0:1] SENT: 213 20161024110422.000

[ INFO] 2017-02-10 10:52:36,392 [anonymous] [0:0:0:0:0:0:0:1] RECEIVED: RETR /README.txt
[ INFO] 2017-02-10 10:52:36,443 [anonymous] [0:0:0:0:0:0:0:1] File downloaded /README.txt
[ WARN] 2017-02-10 10:52:36,444 [anonymous] [0:0:0:0:0:0:0:1] Releasing unreserved passive port: 2712
[ INFO] 2017-02-10 10:52:36,444 [anonymous] [0:0:0:0:0:0:0:1] SENT: 150 File status okay; about to open data connection.

[ INFO] 2017-02-10 10:52:36,444 [anonymous] [0:0:0:0:0:0:0:1] SENT: 226 Transfer complete.

[ INFO] 2017-02-10 10:52:42,175 [anonymous] [0:0:0:0:0:0:0:1] RECEIVED: EPSV
[ INFO] 2017-02-10 10:52:42,175 [anonymous] [0:0:0:0:0:0:0:1] SENT: 229 Entering Passive Mode (|||2714|)

[ INFO] 2017-02-10 10:52:42,175 [anonymous] [0:0:0:0:0:0:0:1] RECEIVED: SIZE /README.txt
[ INFO] 2017-02-10 10:52:42,175 [anonymous] [0:0:0:0:0:0:0:1] SENT: 213 28

[ INFO] 2017-02-10 10:52:42,175 [anonymous] [0:0:0:0:0:0:0:1] RECEIVED: MDTM /README.txt
[ INFO] 2017-02-10 10:52:42,175 [anonymous] [0:0:0:0:0:0:0:1] SENT: 213 20161024110422.000

[ INFO] 2017-02-10 10:52:42,175 [anonymous] [0:0:0:0:0:0:0:1] RECEIVED: RETR /README.txt
[ INFO] 2017-02-10 10:52:42,238 [anonymous] [0:0:0:0:0:0:0:1] File downloaded /README.txt
[ WARN] 2017-02-10 10:52:42,238 [anonymous] [0:0:0:0:0:0:0:1] Releasing unreserved passive port: 2714
[ INFO] 2017-02-10 10:52:42,238 [anonymous] [0:0:0:0:0:0:0:1] SENT: 150 File status okay; about to open data connection.

[ INFO] 2017-02-10 10:52:42,238 [anonymous] [0:0:0:0:0:0:0:1] SENT: 226 Transfer complete.

[ INFO] 2017-02-10 10:54:38,511 [anonymous] [0:0:0:0:0:0:0:1] RECEIVED: EPSV
[ INFO] 2017-02-10 10:54:38,511 [anonymous] [0:0:0:0:0:0:0:1] SENT: 229 Entering Passive Mode (|||2726|)

[ INFO] 2017-02-10 10:54:38,511 [anonymous] [0:0:0:0:0:0:0:1] RECEIVED: SIZE /brette
[ INFO] 2017-02-10 10:54:38,511 [anonymous] [0:0:0:0:0:0:0:1] SENT: 550 /brette: Not a plain file.

[ INFO] 2017-02-10 10:54:38,511 [anonymous] [0:0:0:0:0:0:0:1] RECEIVED: MDTM /brette
[ INFO] 2017-02-10 10:54:38,511 [anonymous] [0:0:0:0:0:0:0:1] SENT: 213 20170210095356.712

[ INFO] 2017-02-10 10:54:38,511 [anonymous] [0:0:0:0:0:0:0:1] RECEIVED: RETR /brette
[ WARN] 2017-02-10 10:54:38,511 [anonymous] [0:0:0:0:0:0:0:1] Releasing unreserved passive port: 2726
[ INFO] 2017-02-10 10:54:38,511 [anonymous] [0:0:0:0:0:0:0:1] SENT: 550 /brette: Not a plain file.

[ INFO] 2017-02-10 10:54:38,511 [anonymous] [0:0:0:0:0:0:0:1] RECEIVED: EPSV
[ INFO] 2017-02-10 10:54:38,511 [anonymous] [0:0:0:0:0:0:0:1] SENT: 229 Entering Passive Mode (|||2728|)

[ INFO] 2017-02-10 10:54:38,511 [anonymous] [0:0:0:0:0:0:0:1] RECEIVED: CWD /brette
[ INFO] 2017-02-10 10:54:38,511 [anonymous] [0:0:0:0:0:0:0:1] SENT: 250 Directory changed to /brette

[ INFO] 2017-02-10 10:54:38,511 [anonymous] [0:0:0:0:0:0:0:1] RECEIVED: LIST
[ WARN] 2017-02-10 10:54:38,511 [anonymous] [0:0:0:0:0:0:0:1] Releasing unreserved passive port: 2728
[ INFO] 2017-02-10 10:54:38,527 [anonymous] [0:0:0:0:0:0:0:1] SENT: 150 File status okay; about to open data connection.

[ INFO] 2017-02-10 10:54:38,527 [anonymous] [0:0:0:0:0:0:0:1] SENT: 226 Closing data connection.

[ INFO] 2017-02-10 10:54:41,421 [anonymous] [0:0:0:0:0:0:0:1] RECEIVED: EPSV
[ INFO] 2017-02-10 10:54:41,421 [anonymous] [0:0:0:0:0:0:0:1] SENT: 229 Entering Passive Mode (|||2730|)

[ INFO] 2017-02-10 10:54:41,437 [anonymous] [0:0:0:0:0:0:0:1] RECEIVED: SIZE /brette/README.txt
[ INFO] 2017-02-10 10:54:41,437 [anonymous] [0:0:0:0:0:0:0:1] SENT: 213 11

[ INFO] 2017-02-10 10:54:41,437 [anonymous] [0:0:0:0:0:0:0:1] RECEIVED: MDTM /brette/README.txt
[ INFO] 2017-02-10 10:54:41,437 [anonymous] [0:0:0:0:0:0:0:1] SENT: 213 20170210095429.067

[ INFO] 2017-02-10 10:54:41,437 [anonymous] [0:0:0:0:0:0:0:1] RECEIVED: RETR /brette/README.txt
[ INFO] 2017-02-10 10:54:41,499 [anonymous] [0:0:0:0:0:0:0:1] File downloaded /brette/README.txt
[ WARN] 2017-02-10 10:54:41,499 [anonymous] [0:0:0:0:0:0:0:1] Releasing unreserved passive port: 2730
[ INFO] 2017-02-10 10:54:41,499 [anonymous] [0:0:0:0:0:0:0:1] SENT: 150 File status okay; about to open data connection.

[ INFO] 2017-02-10 10:54:41,499 [anonymous] [0:0:0:0:0:0:0:1] SENT: 226 Transfer complete.

[ INFO] 2017-02-10 10:54:52,810 [anonymous] [0:0:0:0:0:0:0:1] RECEIVED: EPSV
[ INFO] 2017-02-10 10:54:52,810 [anonymous] [0:0:0:0:0:0:0:1] SENT: 229 Entering Passive Mode (|||2732|)

[ INFO] 2017-02-10 10:54:52,810 [anonymous] [0:0:0:0:0:0:0:1] RECEIVED: SIZE /brette/readme.txt
[ INFO] 2017-02-10 10:54:52,810 [anonymous] [0:0:0:0:0:0:0:1] SENT: 213 11

[ INFO] 2017-02-10 10:54:52,810 [anonymous] [0:0:0:0:0:0:0:1] RECEIVED: MDTM /brette/readme.txt
[ INFO] 2017-02-10 10:54:52,810 [anonymous] [0:0:0:0:0:0:0:1] SENT: 213 20170210095429.067

[ INFO] 2017-02-10 10:54:52,810 [anonymous] [0:0:0:0:0:0:0:1] RECEIVED: RETR /brette/readme.txt
[ INFO] 2017-02-10 10:54:52,888 [anonymous] [0:0:0:0:0:0:0:1] File downloaded /brette/readme.txt
[ WARN] 2017-02-10 10:54:52,888 [anonymous] [0:0:0:0:0:0:0:1] Releasing unreserved passive port: 2732
[ INFO] 2017-02-10 10:54:52,888 [anonymous] [0:0:0:0:0:0:0:1] SENT: 150 File status okay; about to open data connection.

[ INFO] 2017-02-10 10:54:52,888 [anonymous] [0:0:0:0:0:0:0:1] SENT: 226 Transfer complete.

[ INFO] 2017-02-10 10:58:18,617 [] [172.19.35.38] CREATED
[ INFO] 2017-02-10 10:58:18,617 [] [172.19.35.38] OPENED
[ INFO] 2017-02-10 10:58:18,617 [] [172.19.35.38] SENT: 220 Service ready for new user.

[ INFO] 2017-02-10 10:58:18,617 [] [172.19.35.38] RECEIVED: USER anonymous
[ INFO] 2017-02-10 10:58:18,617 [anonymous] [172.19.35.38] SENT: 331 Guest login okay, send your complete e-mail address as password.

[ INFO] 2017-02-10 10:58:18,617 [anonymous] [172.19.35.38] RECEIVED: PASS *****
[ INFO] 2017-02-10 10:58:18,617 [anonymous] [172.19.35.38] Anonymous login success - mozilla@example.com
[ INFO] 2017-02-10 10:58:18,617 [anonymous] [172.19.35.38] SENT: 230 User logged in, proceed.

[ INFO] 2017-02-10 10:58:18,617 [anonymous] [172.19.35.38] RECEIVED: SYST
[ INFO] 2017-02-10 10:58:18,617 [anonymous] [172.19.35.38] SENT: 215 UNIX Type: Apache FtpServer

[ INFO] 2017-02-10 10:58:18,617 [anonymous] [172.19.35.38] RECEIVED: FEAT
[ INFO] 2017-02-10 10:58:18,617 [anonymous] [172.19.35.38] SENT: 211-Extensions supported
 SIZE
 MDTM
 REST STREAM
 LANG en;zh-tw;ja;is
 MLST Size;Modify;Type;Perm
 AUTH SSL
 AUTH TLS
 MODE Z
 UTF8
 TVFS
 MD5
 MMD5
 MFMT
211 End

[ INFO] 2017-02-10 10:58:18,617 [anonymous] [172.19.35.38] RECEIVED: OPTS UTF8 ON
[ INFO] 2017-02-10 10:58:18,617 [anonymous] [172.19.35.38] SENT: 200 Command OPTS okay.

[ INFO] 2017-02-10 10:58:18,617 [anonymous] [172.19.35.38] RECEIVED: PWD
[ INFO] 2017-02-10 10:58:18,617 [anonymous] [172.19.35.38] SENT: 257 "/" is current directory.

[ INFO] 2017-02-10 10:58:18,617 [anonymous] [172.19.35.38] RECEIVED: TYPE I
[ INFO] 2017-02-10 10:58:18,617 [anonymous] [172.19.35.38] SENT: 200 Command TYPE okay.

[ INFO] 2017-02-10 10:58:18,617 [anonymous] [172.19.35.38] RECEIVED: PASV
[ INFO] 2017-02-10 10:58:18,617 [anonymous] [172.19.35.38] SENT: 227 Entering Passive Mode (172,19,34,124,10,215)

[ INFO] 2017-02-10 10:58:18,617 [anonymous] [172.19.35.38] RECEIVED: SIZE /brette/readme.txt
[ INFO] 2017-02-10 10:58:18,617 [anonymous] [172.19.35.38] SENT: 213 11

[ INFO] 2017-02-10 10:58:18,617 [anonymous] [172.19.35.38] RECEIVED: MDTM /brette/readme.txt
[ INFO] 2017-02-10 10:58:18,617 [anonymous] [172.19.35.38] SENT: 213 20170210095429.067

[ INFO] 2017-02-10 10:58:18,617 [anonymous] [172.19.35.38] RECEIVED: RETR /brette/readme.txt
[ INFO] 2017-02-10 10:58:18,680 [anonymous] [172.19.35.38] File downloaded /brette/readme.txt
[ WARN] 2017-02-10 10:58:18,680 [anonymous] [172.19.35.38] Releasing unreserved passive port: 2775
[ INFO] 2017-02-10 10:58:18,680 [anonymous] [172.19.35.38] SENT: 150 File status okay; about to open data connection.

[ INFO] 2017-02-10 10:58:18,680 [anonymous] [172.19.35.38] SENT: 226 Transfer complete.

[ INFO] 2017-02-10 10:58:26,274 [anonymous] [172.19.35.38] CLOSED
[ INFO] 2017-02-10 10:59:52,911 [anonymous] [0:0:0:0:0:0:0:1] CLOSED
[ INFO] 2017-02-10 11:52:13,155 [] [] Refreshing org.springframework.context.support.FileSystemXmlApplicationContext@deb6432: display name [org.springframework.context.support.FileSystemXmlApplicationContext@deb6432]; startup date [Fri Feb 10 11:52:13 CET 2017]; root of context hierarchy
[ INFO] 2017-02-10 11:52:13,187 [] [] Loading XML bean definitions from file [C:\Users\brette\Desktop\apache-ftpserver-1.1.0\res\conf\ftpd-typical.xml]
[ INFO] 2017-02-10 11:52:13,405 [] [] Bean factory for application context [org.springframework.context.support.FileSystemXmlApplicationContext@deb6432]: org.springframework.beans.factory.support.DefaultListableBeanFactory@2d3fcdbd
[ INFO] 2017-02-10 11:52:13,405 [] [] Pre-instantiating singletons in org.springframework.beans.factory.support.DefaultListableBeanFactory@2d3fcdbd: defining beans [org.apache.ftpserver.listener.ListenerFactory#0,org.apache.ftpserver.usermanager.PropertiesUserManagerFactory#0,org.apache.ftpserver.FtpServerFactory#0,myServer]; root of factory hierarchy
[ INFO] 2017-02-10 11:52:13,546 [] [] FTP server started
[ INFO] 2017-02-10 11:53:21,648 [] [0:0:0:0:0:0:0:1] CREATED
[ INFO] 2017-02-10 11:53:21,648 [] [0:0:0:0:0:0:0:1] OPENED
[ INFO] 2017-02-10 11:53:21,648 [] [0:0:0:0:0:0:0:1] SENT: 220 Service ready for new user.

[ INFO] 2017-02-10 11:53:21,648 [] [0:0:0:0:0:0:0:1] RECEIVED: USER anonymous
[ INFO] 2017-02-10 11:53:21,664 [anonymous] [0:0:0:0:0:0:0:1] SENT: 331 Guest login okay, send your complete e-mail address as password.

[ INFO] 2017-02-10 11:53:21,664 [anonymous] [0:0:0:0:0:0:0:1] RECEIVED: PASS *****
[ INFO] 2017-02-10 11:53:21,669 [anonymous] [0:0:0:0:0:0:0:1] Anonymous login success - mozilla@example.com
[ INFO] 2017-02-10 11:53:21,670 [anonymous] [0:0:0:0:0:0:0:1] SENT: 230 User logged in, proceed.

[ INFO] 2017-02-10 11:53:21,674 [anonymous] [0:0:0:0:0:0:0:1] RECEIVED: SYST
[ INFO] 2017-02-10 11:53:21,675 [anonymous] [0:0:0:0:0:0:0:1] SENT: 215 UNIX Type: Apache FtpServer

[ INFO] 2017-02-10 11:53:21,677 [anonymous] [0:0:0:0:0:0:0:1] RECEIVED: FEAT
[ INFO] 2017-02-10 11:53:21,678 [anonymous] [0:0:0:0:0:0:0:1] SENT: 211-Extensions supported
 SIZE
 MDTM
 REST STREAM
 LANG en;zh-tw;ja;is
 MLST Size;Modify;Type;Perm
 AUTH SSL
 AUTH TLS
 MODE Z
 UTF8
 TVFS
 MD5
 MMD5
 MFMT
211 End

[ INFO] 2017-02-10 11:53:21,678 [anonymous] [0:0:0:0:0:0:0:1] RECEIVED: OPTS UTF8 ON
[ INFO] 2017-02-10 11:53:21,678 [anonymous] [0:0:0:0:0:0:0:1] SENT: 200 Command OPTS okay.

[ INFO] 2017-02-10 11:53:21,678 [anonymous] [0:0:0:0:0:0:0:1] RECEIVED: PWD
[ INFO] 2017-02-10 11:53:21,680 [anonymous] [0:0:0:0:0:0:0:1] SENT: 257 "/" is current directory.

[ INFO] 2017-02-10 11:53:21,680 [anonymous] [0:0:0:0:0:0:0:1] RECEIVED: TYPE I
[ INFO] 2017-02-10 11:53:21,681 [anonymous] [0:0:0:0:0:0:0:1] SENT: 200 Command TYPE okay.

[ INFO] 2017-02-10 11:53:21,682 [anonymous] [0:0:0:0:0:0:0:1] RECEIVED: EPSV
[ INFO] 2017-02-10 11:53:21,685 [anonymous] [0:0:0:0:0:0:0:1] SENT: 229 Entering Passive Mode (|||3278|)

[ INFO] 2017-02-10 11:53:21,689 [anonymous] [0:0:0:0:0:0:0:1] RECEIVED: SIZE /brette/readme.txt
[ INFO] 2017-02-10 11:53:21,690 [anonymous] [0:0:0:0:0:0:0:1] SENT: 550 /brette/readme.txt: No such file or directory.

[ INFO] 2017-02-10 11:53:21,690 [anonymous] [0:0:0:0:0:0:0:1] RECEIVED: MDTM /brette/readme.txt
[ INFO] 2017-02-10 11:53:21,691 [anonymous] [0:0:0:0:0:0:0:1] SENT: 550 File /brette/readme.txt unavailable.

[ INFO] 2017-02-10 11:53:21,691 [anonymous] [0:0:0:0:0:0:0:1] RECEIVED: RETR /brette/readme.txt
[ WARN] 2017-02-10 11:53:21,693 [anonymous] [0:0:0:0:0:0:0:1] Releasing unreserved passive port: 3278
[ INFO] 2017-02-10 11:53:21,693 [anonymous] [0:0:0:0:0:0:0:1] SENT: 550 /brette/readme.txt: No such file or directory.

[ INFO] 2017-02-10 11:53:21,693 [anonymous] [0:0:0:0:0:0:0:1] RECEIVED: EPSV
[ INFO] 2017-02-10 11:53:21,694 [anonymous] [0:0:0:0:0:0:0:1] SENT: 229 Entering Passive Mode (|||3280|)

[ INFO] 2017-02-10 11:53:21,694 [anonymous] [0:0:0:0:0:0:0:1] RECEIVED: CWD /brette/readme.txt
[ INFO] 2017-02-10 11:53:21,695 [anonymous] [0:0:0:0:0:0:0:1] SENT: 550 No such directory.

[ INFO] 2017-02-10 11:53:21,696 [anonymous] [0:0:0:0:0:0:0:1] CLOSED
[ WARN] 2017-02-10 11:53:21,696 [anonymous] [0:0:0:0:0:0:0:1] Releasing unreserved passive port: 3280
[ INFO] 2017-02-10 11:54:00,593 [] [0:0:0:0:0:0:0:1] CREATED
[ INFO] 2017-02-10 11:54:00,593 [] [0:0:0:0:0:0:0:1] OPENED
[ INFO] 2017-02-10 11:54:00,593 [] [0:0:0:0:0:0:0:1] SENT: 220 Service ready for new user.

[ INFO] 2017-02-10 11:54:00,593 [] [0:0:0:0:0:0:0:1] RECEIVED: USER anonymous
[ INFO] 2017-02-10 11:54:00,593 [anonymous] [0:0:0:0:0:0:0:1] SENT: 331 Guest login okay, send your complete e-mail address as password.

[ INFO] 2017-02-10 11:54:00,608 [anonymous] [0:0:0:0:0:0:0:1] RECEIVED: PASS *****
[ INFO] 2017-02-10 11:54:00,608 [anonymous] [0:0:0:0:0:0:0:1] Anonymous login success - mozilla@example.com
[ INFO] 2017-02-10 11:54:00,608 [anonymous] [0:0:0:0:0:0:0:1] SENT: 230 User logged in, proceed.

[ INFO] 2017-02-10 11:54:00,608 [anonymous] [0:0:0:0:0:0:0:1] RECEIVED: SYST
[ INFO] 2017-02-10 11:54:00,608 [anonymous] [0:0:0:0:0:0:0:1] SENT: 215 UNIX Type: Apache FtpServer

[ INFO] 2017-02-10 11:54:00,608 [anonymous] [0:0:0:0:0:0:0:1] RECEIVED: FEAT
[ INFO] 2017-02-10 11:54:00,608 [anonymous] [0:0:0:0:0:0:0:1] SENT: 211-Extensions supported
 SIZE
 MDTM
 REST STREAM
 LANG en;zh-tw;ja;is
 MLST Size;Modify;Type;Perm
 AUTH SSL
 AUTH TLS
 MODE Z
 UTF8
 TVFS
 MD5
 MMD5
 MFMT
211 End

[ INFO] 2017-02-10 11:54:00,608 [anonymous] [0:0:0:0:0:0:0:1] RECEIVED: OPTS UTF8 ON
[ INFO] 2017-02-10 11:54:00,608 [anonymous] [0:0:0:0:0:0:0:1] SENT: 200 Command OPTS okay.

[ INFO] 2017-02-10 11:54:00,608 [anonymous] [0:0:0:0:0:0:0:1] RECEIVED: PWD
[ INFO] 2017-02-10 11:54:00,608 [anonymous] [0:0:0:0:0:0:0:1] SENT: 257 "/" is current directory.

[ INFO] 2017-02-10 11:54:00,608 [anonymous] [0:0:0:0:0:0:0:1] RECEIVED: TYPE I
[ INFO] 2017-02-10 11:54:00,608 [anonymous] [0:0:0:0:0:0:0:1] SENT: 200 Command TYPE okay.

[ INFO] 2017-02-10 11:54:00,608 [anonymous] [0:0:0:0:0:0:0:1] RECEIVED: EPSV
[ INFO] 2017-02-10 11:54:00,608 [anonymous] [0:0:0:0:0:0:0:1] SENT: 229 Entering Passive Mode (|||3285|)

[ INFO] 2017-02-10 11:54:00,608 [anonymous] [0:0:0:0:0:0:0:1] RECEIVED: SIZE /texte/bonjour.txt
[ INFO] 2017-02-10 11:54:00,608 [anonymous] [0:0:0:0:0:0:0:1] SENT: 213 11

[ INFO] 2017-02-10 11:54:00,608 [anonymous] [0:0:0:0:0:0:0:1] RECEIVED: MDTM /texte/bonjour.txt
[ INFO] 2017-02-10 11:54:00,608 [anonymous] [0:0:0:0:0:0:0:1] SENT: 213 20170210095429.067

[ INFO] 2017-02-10 11:54:00,608 [anonymous] [0:0:0:0:0:0:0:1] RECEIVED: RETR /texte/bonjour.txt
[ INFO] 2017-02-10 11:54:00,671 [anonymous] [0:0:0:0:0:0:0:1] File downloaded /texte/bonjour.txt
[ WARN] 2017-02-10 11:54:00,671 [anonymous] [0:0:0:0:0:0:0:1] Releasing unreserved passive port: 3285
[ INFO] 2017-02-10 11:54:00,671 [anonymous] [0:0:0:0:0:0:0:1] SENT: 150 File status okay; about to open data connection.

[ INFO] 2017-02-10 11:54:00,671 [anonymous] [0:0:0:0:0:0:0:1] SENT: 226 Transfer complete.

[ INFO] 2017-02-10 11:54:34,056 [anonymous] [0:0:0:0:0:0:0:1] RECEIVED: EPSV
[ INFO] 2017-02-10 11:54:34,056 [anonymous] [0:0:0:0:0:0:0:1] SENT: 229 Entering Passive Mode (|||3288|)

[ INFO] 2017-02-10 11:54:34,056 [anonymous] [0:0:0:0:0:0:0:1] RECEIVED: SIZE /texte/bonjour.txt
[ INFO] 2017-02-10 11:54:34,056 [anonymous] [0:0:0:0:0:0:0:1] SENT: 213 24

[ INFO] 2017-02-10 11:54:34,056 [anonymous] [0:0:0:0:0:0:0:1] RECEIVED: MDTM /texte/bonjour.txt
[ INFO] 2017-02-10 11:54:34,056 [anonymous] [0:0:0:0:0:0:0:1] SENT: 213 20170210105431.255

[ INFO] 2017-02-10 11:54:34,056 [anonymous] [0:0:0:0:0:0:0:1] RECEIVED: RETR /texte/bonjour.txt
[ INFO] 2017-02-10 11:54:34,119 [anonymous] [0:0:0:0:0:0:0:1] File downloaded /texte/bonjour.txt
[ WARN] 2017-02-10 11:54:34,119 [anonymous] [0:0:0:0:0:0:0:1] Releasing unreserved passive port: 3288
[ INFO] 2017-02-10 11:54:34,119 [anonymous] [0:0:0:0:0:0:0:1] SENT: 150 File status okay; about to open data connection.

[ INFO] 2017-02-10 11:54:34,119 [anonymous] [0:0:0:0:0:0:0:1] SENT: 226 Transfer complete.

[ INFO] 2017-02-10 11:59:34,129 [anonymous] [0:0:0:0:0:0:0:1] CLOSED
[ INFO] 2019-02-13 09:54:35,219 [] [] FTP server started
[ INFO] 2019-02-13 09:56:08,729 [] [] Refreshing org.springframework.context.support.FileSystemXmlApplicationContext@deb6432: display name [org.springframework.context.support.FileSystemXmlApplicationContext@deb6432]; startup date [Wed Feb 13 09:56:08 CET 2019]; root of context hierarchy
[ INFO] 2019-02-13 09:56:08,783 [] [] Loading XML bean definitions from file [E:\S4\Applis Reflexives Java\apache-ftpserver-1.1.0\res\conf\ftpd-typical.xml]
[ INFO] 2019-02-13 09:56:09,134 [] [] Bean factory for application context [org.springframework.context.support.FileSystemXmlApplicationContext@deb6432]: org.springframework.beans.factory.support.DefaultListableBeanFactory@482f8f11
[ INFO] 2019-02-13 09:56:09,146 [] [] Pre-instantiating singletons in org.springframework.beans.factory.support.DefaultListableBeanFactory@482f8f11: defining beans [org.apache.ftpserver.listener.ListenerFactory#0,org.apache.ftpserver.usermanager.PropertiesUserManagerFactory#0,org.apache.ftpserver.FtpServerFactory#0,myServer]; root of factory hierarchy
[ INFO] 2019-02-13 09:56:09,262 [] [] FTP server started
[ INFO] 2019-02-13 09:57:57,850 [] [0:0:0:0:0:0:0:1] CREATED
[ INFO] 2019-02-13 09:57:57,855 [] [0:0:0:0:0:0:0:1] OPENED
[ INFO] 2019-02-13 09:57:57,863 [] [0:0:0:0:0:0:0:1] SENT: 220 Service ready for new user.

[ INFO] 2019-02-13 09:57:57,864 [] [0:0:0:0:0:0:0:1] RECEIVED: USER anonymous
[ INFO] 2019-02-13 09:57:57,867 [anonymous] [0:0:0:0:0:0:0:1] SENT: 331 Guest login okay, send your complete e-mail address as password.

[ INFO] 2019-02-13 09:57:57,867 [anonymous] [0:0:0:0:0:0:0:1] RECEIVED: PASS *****
[ INFO] 2019-02-13 09:57:57,875 [anonymous] [0:0:0:0:0:0:0:1] Anonymous login success - chrome@example.com
[ INFO] 2019-02-13 09:57:57,875 [anonymous] [0:0:0:0:0:0:0:1] SENT: 230 User logged in, proceed.

[ INFO] 2019-02-13 09:57:57,875 [anonymous] [0:0:0:0:0:0:0:1] RECEIVED: SYST
[ INFO] 2019-02-13 09:57:57,876 [anonymous] [0:0:0:0:0:0:0:1] SENT: 215 UNIX Type: Apache FtpServer

[ INFO] 2019-02-13 09:57:57,876 [anonymous] [0:0:0:0:0:0:0:1] RECEIVED: PWD
[ INFO] 2019-02-13 09:57:57,878 [anonymous] [0:0:0:0:0:0:0:1] SENT: 257 "/" is current directory.

[ INFO] 2019-02-13 09:57:57,878 [anonymous] [0:0:0:0:0:0:0:1] RECEIVED: TYPE I
[ INFO] 2019-02-13 09:57:57,879 [anonymous] [0:0:0:0:0:0:0:1] SENT: 200 Command TYPE okay.

[ INFO] 2019-02-13 09:57:57,879 [anonymous] [0:0:0:0:0:0:0:1] RECEIVED: SIZE /texte/essai.txt
[ INFO] 2019-02-13 09:57:57,880 [anonymous] [0:0:0:0:0:0:0:1] SENT: 550 /texte/essai.txt: No such file or directory.

[ INFO] 2019-02-13 09:57:57,880 [anonymous] [0:0:0:0:0:0:0:1] RECEIVED: CWD /texte/essai.txt
[ INFO] 2019-02-13 09:57:57,883 [anonymous] [0:0:0:0:0:0:0:1] SENT: 550 No such directory.

[ INFO] 2019-02-13 09:57:57,883 [anonymous] [0:0:0:0:0:0:0:1] RECEIVED: EPSV
[ INFO] 2019-02-13 09:57:57,888 [anonymous] [0:0:0:0:0:0:0:1] SENT: 229 Entering Passive Mode (|||63161|)

[ INFO] 2019-02-13 09:57:57,889 [anonymous] [0:0:0:0:0:0:0:1] RECEIVED: RETR /texte/essai.txt
[ WARN] 2019-02-13 09:57:57,891 [anonymous] [0:0:0:0:0:0:0:1] Releasing unreserved passive port: 63161
[ INFO] 2019-02-13 09:57:57,891 [anonymous] [0:0:0:0:0:0:0:1] SENT: 550 /texte/essai.txt: No such file or directory.

[ INFO] 2019-02-13 09:57:57,891 [anonymous] [0:0:0:0:0:0:0:1] RECEIVED: QUIT
[ INFO] 2019-02-13 09:57:57,892 [anonymous] [0:0:0:0:0:0:0:1] SENT: 221 Goodbye.

[ INFO] 2019-02-13 09:57:57,893 [anonymous] [0:0:0:0:0:0:0:1] CLOSED
[ INFO] 2019-02-13 09:58:12,402 [] [0:0:0:0:0:0:0:1] CREATED
[ INFO] 2019-02-13 09:58:12,402 [] [0:0:0:0:0:0:0:1] OPENED
[ INFO] 2019-02-13 09:58:12,403 [] [0:0:0:0:0:0:0:1] SENT: 220 Service ready for new user.

[ INFO] 2019-02-13 09:58:12,403 [] [0:0:0:0:0:0:0:1] RECEIVED: USER anonymous
[ INFO] 2019-02-13 09:58:12,404 [anonymous] [0:0:0:0:0:0:0:1] SENT: 331 Guest login okay, send your complete e-mail address as password.

[ INFO] 2019-02-13 09:58:12,404 [anonymous] [0:0:0:0:0:0:0:1] RECEIVED: PASS *****
[ INFO] 2019-02-13 09:58:12,405 [anonymous] [0:0:0:0:0:0:0:1] Anonymous login success - chrome@example.com
[ INFO] 2019-02-13 09:58:12,405 [anonymous] [0:0:0:0:0:0:0:1] SENT: 230 User logged in, proceed.

[ INFO] 2019-02-13 09:58:12,405 [anonymous] [0:0:0:0:0:0:0:1] RECEIVED: SYST
[ INFO] 2019-02-13 09:58:12,405 [anonymous] [0:0:0:0:0:0:0:1] SENT: 215 UNIX Type: Apache FtpServer

[ INFO] 2019-02-13 09:58:12,405 [anonymous] [0:0:0:0:0:0:0:1] RECEIVED: PWD
[ INFO] 2019-02-13 09:58:12,406 [anonymous] [0:0:0:0:0:0:0:1] SENT: 257 "/" is current directory.

[ INFO] 2019-02-13 09:58:12,406 [anonymous] [0:0:0:0:0:0:0:1] RECEIVED: TYPE I
[ INFO] 2019-02-13 09:58:12,407 [anonymous] [0:0:0:0:0:0:0:1] SENT: 200 Command TYPE okay.

[ INFO] 2019-02-13 09:58:12,408 [anonymous] [0:0:0:0:0:0:0:1] RECEIVED: SIZE /texte
[ INFO] 2019-02-13 09:58:12,408 [anonymous] [0:0:0:0:0:0:0:1] SENT: 550 /texte: Not a plain file.

[ INFO] 2019-02-13 09:58:12,408 [anonymous] [0:0:0:0:0:0:0:1] RECEIVED: CWD /texte/
[ INFO] 2019-02-13 09:58:12,410 [anonymous] [0:0:0:0:0:0:0:1] SENT: 250 Directory changed to /texte

[ INFO] 2019-02-13 09:58:12,410 [anonymous] [0:0:0:0:0:0:0:1] RECEIVED: EPSV
[ INFO] 2019-02-13 09:58:12,411 [anonymous] [0:0:0:0:0:0:0:1] SENT: 229 Entering Passive Mode (|||63167|)

[ INFO] 2019-02-13 09:58:12,411 [anonymous] [0:0:0:0:0:0:0:1] RECEIVED: LIST -l
[ WARN] 2019-02-13 09:58:12,421 [anonymous] [0:0:0:0:0:0:0:1] Releasing unreserved passive port: 63167
[ INFO] 2019-02-13 09:58:12,421 [anonymous] [0:0:0:0:0:0:0:1] SENT: 150 File status okay; about to open data connection.

[ INFO] 2019-02-13 09:58:12,421 [anonymous] [0:0:0:0:0:0:0:1] CLOSED
[ INFO] 2019-02-13 09:58:16,209 [] [0:0:0:0:0:0:0:1] CREATED
[ INFO] 2019-02-13 09:58:16,210 [] [0:0:0:0:0:0:0:1] OPENED
[ INFO] 2019-02-13 09:58:16,211 [] [0:0:0:0:0:0:0:1] SENT: 220 Service ready for new user.

[ INFO] 2019-02-13 09:58:16,211 [] [0:0:0:0:0:0:0:1] RECEIVED: USER anonymous
[ INFO] 2019-02-13 09:58:16,212 [anonymous] [0:0:0:0:0:0:0:1] SENT: 331 Guest login okay, send your complete e-mail address as password.

[ INFO] 2019-02-13 09:58:16,213 [anonymous] [0:0:0:0:0:0:0:1] RECEIVED: PASS *****
[ INFO] 2019-02-13 09:58:16,214 [anonymous] [0:0:0:0:0:0:0:1] Anonymous login success - chrome@example.com
[ INFO] 2019-02-13 09:58:16,214 [anonymous] [0:0:0:0:0:0:0:1] SENT: 230 User logged in, proceed.

[ INFO] 2019-02-13 09:58:16,214 [anonymous] [0:0:0:0:0:0:0:1] RECEIVED: SYST
[ INFO] 2019-02-13 09:58:16,214 [anonymous] [0:0:0:0:0:0:0:1] SENT: 215 UNIX Type: Apache FtpServer

[ INFO] 2019-02-13 09:58:16,214 [anonymous] [0:0:0:0:0:0:0:1] RECEIVED: PWD
[ INFO] 2019-02-13 09:58:16,215 [anonymous] [0:0:0:0:0:0:0:1] SENT: 257 "/" is current directory.

[ INFO] 2019-02-13 09:58:16,215 [anonymous] [0:0:0:0:0:0:0:1] RECEIVED: TYPE I
[ INFO] 2019-02-13 09:58:16,215 [anonymous] [0:0:0:0:0:0:0:1] SENT: 200 Command TYPE okay.

[ INFO] 2019-02-13 09:58:16,215 [anonymous] [0:0:0:0:0:0:0:1] RECEIVED: SIZE /texte/bonjour.txt
[ INFO] 2019-02-13 09:58:16,216 [anonymous] [0:0:0:0:0:0:0:1] SENT: 213 24

[ INFO] 2019-02-13 09:58:16,216 [anonymous] [0:0:0:0:0:0:0:1] RECEIVED: CWD /texte/bonjour.txt
[ INFO] 2019-02-13 09:58:16,216 [anonymous] [0:0:0:0:0:0:0:1] SENT: 550 No such directory.

[ INFO] 2019-02-13 09:58:16,216 [anonymous] [0:0:0:0:0:0:0:1] RECEIVED: EPSV
[ INFO] 2019-02-13 09:58:16,217 [anonymous] [0:0:0:0:0:0:0:1] SENT: 229 Entering Passive Mode (|||63170|)

[ INFO] 2019-02-13 09:58:16,217 [anonymous] [0:0:0:0:0:0:0:1] RECEIVED: RETR /texte/bonjour.txt
[ INFO] 2019-02-13 09:58:16,274 [anonymous] [0:0:0:0:0:0:0:1] File downloaded /texte/bonjour.txt
[ WARN] 2019-02-13 09:58:16,275 [anonymous] [0:0:0:0:0:0:0:1] Releasing unreserved passive port: 63170
[ INFO] 2019-02-13 09:58:16,275 [anonymous] [0:0:0:0:0:0:0:1] SENT: 150 File status okay; about to open data connection.

[ INFO] 2019-02-13 09:58:16,275 [anonymous] [0:0:0:0:0:0:0:1] SENT: 226 Transfer complete.

[ INFO] 2019-02-13 09:58:16,275 [anonymous] [0:0:0:0:0:0:0:1] RECEIVED: QUIT
[ INFO] 2019-02-13 09:58:16,276 [anonymous] [0:0:0:0:0:0:0:1] CLOSED
[ INFO] 2019-02-13 09:58:19,260 [] [0:0:0:0:0:0:0:1] CREATED
[ INFO] 2019-02-13 09:58:19,260 [] [0:0:0:0:0:0:0:1] OPENED
[ INFO] 2019-02-13 09:58:19,262 [] [0:0:0:0:0:0:0:1] SENT: 220 Service ready for new user.

[ INFO] 2019-02-13 09:58:19,263 [] [0:0:0:0:0:0:0:1] RECEIVED: USER anonymous
[ INFO] 2019-02-13 09:58:19,265 [anonymous] [0:0:0:0:0:0:0:1] SENT: 331 Guest login okay, send your complete e-mail address as password.

[ INFO] 2019-02-13 09:58:19,265 [anonymous] [0:0:0:0:0:0:0:1] RECEIVED: PASS *****
[ INFO] 2019-02-13 09:58:19,265 [anonymous] [0:0:0:0:0:0:0:1] Anonymous login success - chrome@example.com
[ INFO] 2019-02-13 09:58:19,266 [anonymous] [0:0:0:0:0:0:0:1] SENT: 230 User logged in, proceed.

[ INFO] 2019-02-13 09:58:19,266 [anonymous] [0:0:0:0:0:0:0:1] RECEIVED: SYST
[ INFO] 2019-02-13 09:58:19,266 [anonymous] [0:0:0:0:0:0:0:1] SENT: 215 UNIX Type: Apache FtpServer

[ INFO] 2019-02-13 09:58:19,266 [anonymous] [0:0:0:0:0:0:0:1] RECEIVED: PWD
[ INFO] 2019-02-13 09:58:19,267 [anonymous] [0:0:0:0:0:0:0:1] SENT: 257 "/" is current directory.

[ INFO] 2019-02-13 09:58:19,267 [anonymous] [0:0:0:0:0:0:0:1] RECEIVED: TYPE I
[ INFO] 2019-02-13 09:58:19,267 [anonymous] [0:0:0:0:0:0:0:1] SENT: 200 Command TYPE okay.

[ INFO] 2019-02-13 09:58:19,267 [anonymous] [0:0:0:0:0:0:0:1] RECEIVED: SIZE /texte/bonjour.txt
[ INFO] 2019-02-13 09:58:19,268 [anonymous] [0:0:0:0:0:0:0:1] SENT: 213 24

[ INFO] 2019-02-13 09:58:19,268 [anonymous] [0:0:0:0:0:0:0:1] RECEIVED: CWD /texte/bonjour.txt
[ INFO] 2019-02-13 09:58:19,268 [anonymous] [0:0:0:0:0:0:0:1] SENT: 550 No such directory.

[ INFO] 2019-02-13 09:58:19,268 [anonymous] [0:0:0:0:0:0:0:1] RECEIVED: EPSV
[ INFO] 2019-02-13 09:58:19,269 [anonymous] [0:0:0:0:0:0:0:1] SENT: 229 Entering Passive Mode (|||63173|)

[ INFO] 2019-02-13 09:58:19,269 [anonymous] [0:0:0:0:0:0:0:1] RECEIVED: RETR /texte/bonjour.txt
[ INFO] 2019-02-13 09:58:19,321 [anonymous] [0:0:0:0:0:0:0:1] File downloaded /texte/bonjour.txt
[ WARN] 2019-02-13 09:58:19,321 [anonymous] [0:0:0:0:0:0:0:1] Releasing unreserved passive port: 63173
[ INFO] 2019-02-13 09:58:19,321 [anonymous] [0:0:0:0:0:0:0:1] SENT: 150 File status okay; about to open data connection.

[ INFO] 2019-02-13 09:58:19,321 [anonymous] [0:0:0:0:0:0:0:1] SENT: 226 Transfer complete.

[ INFO] 2019-02-13 09:58:19,321 [anonymous] [0:0:0:0:0:0:0:1] RECEIVED: QUIT
[ INFO] 2019-02-13 09:58:19,322 [anonymous] [0:0:0:0:0:0:0:1] SENT: 221 Goodbye.

[ INFO] 2019-02-13 09:58:19,323 [anonymous] [0:0:0:0:0:0:0:1] CLOSED
[ INFO] 2019-02-13 10:05:38,300 [] [0:0:0:0:0:0:0:1] CREATED
[ INFO] 2019-02-13 10:05:38,301 [] [0:0:0:0:0:0:0:1] OPENED
[ INFO] 2019-02-13 10:05:38,302 [] [0:0:0:0:0:0:0:1] SENT: 220 Service ready for new user.

[ INFO] 2019-02-13 10:05:38,303 [] [0:0:0:0:0:0:0:1] RECEIVED: USER anonymous
[ INFO] 2019-02-13 10:05:38,303 [anonymous] [0:0:0:0:0:0:0:1] SENT: 331 Guest login okay, send your complete e-mail address as password.

[ INFO] 2019-02-13 10:05:38,303 [anonymous] [0:0:0:0:0:0:0:1] RECEIVED: PASS *****
[ INFO] 2019-02-13 10:05:38,304 [anonymous] [0:0:0:0:0:0:0:1] Anonymous login success - chrome@example.com
[ INFO] 2019-02-13 10:05:38,304 [anonymous] [0:0:0:0:0:0:0:1] SENT: 230 User logged in, proceed.

[ INFO] 2019-02-13 10:05:38,304 [anonymous] [0:0:0:0:0:0:0:1] RECEIVED: SYST
[ INFO] 2019-02-13 10:05:38,305 [anonymous] [0:0:0:0:0:0:0:1] SENT: 215 UNIX Type: Apache FtpServer

[ INFO] 2019-02-13 10:05:38,305 [anonymous] [0:0:0:0:0:0:0:1] RECEIVED: PWD
[ INFO] 2019-02-13 10:05:38,305 [anonymous] [0:0:0:0:0:0:0:1] SENT: 257 "/" is current directory.

[ INFO] 2019-02-13 10:05:38,305 [anonymous] [0:0:0:0:0:0:0:1] RECEIVED: TYPE I
[ INFO] 2019-02-13 10:05:38,305 [anonymous] [0:0:0:0:0:0:0:1] SENT: 200 Command TYPE okay.

[ INFO] 2019-02-13 10:05:38,305 [anonymous] [0:0:0:0:0:0:0:1] RECEIVED: SIZE /texte/bonjour.txt
[ INFO] 2019-02-13 10:05:38,306 [anonymous] [0:0:0:0:0:0:0:1] RECEIVED: CWD /texte/bonjour.txt
[ INFO] 2019-02-13 10:05:38,306 [anonymous] [0:0:0:0:0:0:0:1] SENT: 213 24

[ INFO] 2019-02-13 10:05:38,306 [anonymous] [0:0:0:0:0:0:0:1] RECEIVED: EPSV
[ INFO] 2019-02-13 10:05:38,307 [anonymous] [0:0:0:0:0:0:0:1] SENT: 550 No such directory.

[ INFO] 2019-02-13 10:05:38,307 [anonymous] [0:0:0:0:0:0:0:1] SENT: 229 Entering Passive Mode (|||63215|)

[ INFO] 2019-02-13 10:05:38,307 [anonymous] [0:0:0:0:0:0:0:1] RECEIVED: RETR /texte/bonjour.txt
[ INFO] 2019-02-13 10:05:38,358 [anonymous] [0:0:0:0:0:0:0:1] File downloaded /texte/bonjour.txt
[ WARN] 2019-02-13 10:05:38,359 [anonymous] [0:0:0:0:0:0:0:1] Releasing unreserved passive port: 63215
[ INFO] 2019-02-13 10:05:38,359 [anonymous] [0:0:0:0:0:0:0:1] SENT: 150 File status okay; about to open data connection.

[ INFO] 2019-02-13 10:05:38,359 [anonymous] [0:0:0:0:0:0:0:1] SENT: 226 Transfer complete.

[ INFO] 2019-02-13 10:05:38,359 [anonymous] [0:0:0:0:0:0:0:1] RECEIVED: QUIT
[ INFO] 2019-02-13 10:05:38,360 [anonymous] [0:0:0:0:0:0:0:1] SENT: 221 Goodbye.

[ INFO] 2019-02-13 10:05:38,360 [anonymous] [0:0:0:0:0:0:0:1] CLOSED
[ INFO] 2019-02-13 10:05:45,406 [] [0:0:0:0:0:0:0:1] CREATED
[ INFO] 2019-02-13 10:05:45,407 [] [0:0:0:0:0:0:0:1] OPENED
[ INFO] 2019-02-13 10:05:45,407 [] [0:0:0:0:0:0:0:1] SENT: 220 Service ready for new user.

[ INFO] 2019-02-13 10:05:45,408 [] [0:0:0:0:0:0:0:1] RECEIVED: USER anonymous
[ INFO] 2019-02-13 10:05:45,408 [anonymous] [0:0:0:0:0:0:0:1] SENT: 331 Guest login okay, send your complete e-mail address as password.

[ INFO] 2019-02-13 10:05:45,408 [anonymous] [0:0:0:0:0:0:0:1] RECEIVED: PASS *****
[ INFO] 2019-02-13 10:05:45,409 [anonymous] [0:0:0:0:0:0:0:1] Anonymous login success - chrome@example.com
[ INFO] 2019-02-13 10:05:45,409 [anonymous] [0:0:0:0:0:0:0:1] SENT: 230 User logged in, proceed.

[ INFO] 2019-02-13 10:05:45,409 [anonymous] [0:0:0:0:0:0:0:1] RECEIVED: SYST
[ INFO] 2019-02-13 10:05:45,409 [anonymous] [0:0:0:0:0:0:0:1] SENT: 215 UNIX Type: Apache FtpServer

[ INFO] 2019-02-13 10:05:45,409 [anonymous] [0:0:0:0:0:0:0:1] RECEIVED: PWD
[ INFO] 2019-02-13 10:05:45,409 [anonymous] [0:0:0:0:0:0:0:1] SENT: 257 "/" is current directory.

[ INFO] 2019-02-13 10:05:45,409 [anonymous] [0:0:0:0:0:0:0:1] RECEIVED: TYPE I
[ INFO] 2019-02-13 10:05:45,410 [anonymous] [0:0:0:0:0:0:0:1] SENT: 200 Command TYPE okay.

[ INFO] 2019-02-13 10:05:45,410 [anonymous] [0:0:0:0:0:0:0:1] RECEIVED: SIZE /texte/bonjour.txt
[ INFO] 2019-02-13 10:05:45,410 [anonymous] [0:0:0:0:0:0:0:1] RECEIVED: CWD /texte/bonjour.txt
[ INFO] 2019-02-13 10:05:45,411 [anonymous] [0:0:0:0:0:0:0:1] SENT: 213 24

[ INFO] 2019-02-13 10:05:45,411 [anonymous] [0:0:0:0:0:0:0:1] RECEIVED: EPSV
[ INFO] 2019-02-13 10:05:45,411 [anonymous] [0:0:0:0:0:0:0:1] SENT: 550 No such directory.

[ INFO] 2019-02-13 10:05:45,412 [anonymous] [0:0:0:0:0:0:0:1] SENT: 229 Entering Passive Mode (|||63218|)

[ INFO] 2019-02-13 10:05:45,412 [anonymous] [0:0:0:0:0:0:0:1] RECEIVED: RETR /texte/bonjour.txt
[ INFO] 2019-02-13 10:05:45,463 [anonymous] [0:0:0:0:0:0:0:1] File downloaded /texte/bonjour.txt
[ WARN] 2019-02-13 10:05:45,463 [anonymous] [0:0:0:0:0:0:0:1] Releasing unreserved passive port: 63218
[ INFO] 2019-02-13 10:05:45,464 [anonymous] [0:0:0:0:0:0:0:1] SENT: 150 File status okay; about to open data connection.

[ INFO] 2019-02-13 10:05:45,464 [anonymous] [0:0:0:0:0:0:0:1] SENT: 226 Transfer complete.

[ INFO] 2019-02-13 10:05:45,464 [anonymous] [0:0:0:0:0:0:0:1] RECEIVED: QUIT
[ INFO] 2019-02-13 10:05:45,465 [anonymous] [0:0:0:0:0:0:0:1] SENT: 221 Goodbye.

[ INFO] 2019-02-13 10:05:45,465 [anonymous] [0:0:0:0:0:0:0:1] CLOSED
[ INFO] 2019-02-13 10:05:48,586 [] [0:0:0:0:0:0:0:1] CREATED
[ INFO] 2019-02-13 10:05:48,587 [] [0:0:0:0:0:0:0:1] OPENED
[ INFO] 2019-02-13 10:05:48,588 [] [0:0:0:0:0:0:0:1] SENT: 220 Service ready for new user.

[ INFO] 2019-02-13 10:05:48,588 [] [0:0:0:0:0:0:0:1] RECEIVED: USER anonymous
[ INFO] 2019-02-13 10:05:48,589 [anonymous] [0:0:0:0:0:0:0:1] SENT: 331 Guest login okay, send your complete e-mail address as password.

[ INFO] 2019-02-13 10:05:48,589 [anonymous] [0:0:0:0:0:0:0:1] RECEIVED: PASS *****
[ INFO] 2019-02-13 10:05:48,589 [anonymous] [0:0:0:0:0:0:0:1] Anonymous login success - chrome@example.com
[ INFO] 2019-02-13 10:05:48,589 [anonymous] [0:0:0:0:0:0:0:1] SENT: 230 User logged in, proceed.

[ INFO] 2019-02-13 10:05:48,589 [anonymous] [0:0:0:0:0:0:0:1] RECEIVED: SYST
[ INFO] 2019-02-13 10:05:48,590 [anonymous] [0:0:0:0:0:0:0:1] SENT: 215 UNIX Type: Apache FtpServer

[ INFO] 2019-02-13 10:05:48,590 [anonymous] [0:0:0:0:0:0:0:1] RECEIVED: PWD
[ INFO] 2019-02-13 10:05:48,590 [anonymous] [0:0:0:0:0:0:0:1] SENT: 257 "/" is current directory.

[ INFO] 2019-02-13 10:05:48,590 [anonymous] [0:0:0:0:0:0:0:1] RECEIVED: TYPE I
[ INFO] 2019-02-13 10:05:48,590 [anonymous] [0:0:0:0:0:0:0:1] SENT: 200 Command TYPE okay.

[ INFO] 2019-02-13 10:05:48,590 [anonymous] [0:0:0:0:0:0:0:1] RECEIVED: SIZE /texte/bonjour.txt
[ INFO] 2019-02-13 10:05:48,592 [anonymous] [0:0:0:0:0:0:0:1] SENT: 213 24

[ INFO] 2019-02-13 10:05:48,592 [anonymous] [0:0:0:0:0:0:0:1] RECEIVED: CWD /texte/bonjour.txt
[ INFO] 2019-02-13 10:05:48,593 [anonymous] [0:0:0:0:0:0:0:1] SENT: 550 No such directory.

[ INFO] 2019-02-13 10:05:48,593 [anonymous] [0:0:0:0:0:0:0:1] RECEIVED: EPSV
[ INFO] 2019-02-13 10:05:48,594 [anonymous] [0:0:0:0:0:0:0:1] SENT: 229 Entering Passive Mode (|||63221|)

[ INFO] 2019-02-13 10:05:48,594 [anonymous] [0:0:0:0:0:0:0:1] RECEIVED: RETR /texte/bonjour.txt
[ INFO] 2019-02-13 10:05:48,645 [anonymous] [0:0:0:0:0:0:0:1] File downloaded /texte/bonjour.txt
[ WARN] 2019-02-13 10:05:48,646 [anonymous] [0:0:0:0:0:0:0:1] Releasing unreserved passive port: 63221
[ INFO] 2019-02-13 10:05:48,646 [anonymous] [0:0:0:0:0:0:0:1] SENT: 150 File status okay; about to open data connection.

[ INFO] 2019-02-13 10:05:48,646 [anonymous] [0:0:0:0:0:0:0:1] CLOSED
[ INFO] 2019-02-13 11:02:06,944 [] [] Refreshing org.springframework.context.support.FileSystemXmlApplicationContext@deb6432: display name [org.springframework.context.support.FileSystemXmlApplicationContext@deb6432]; startup date [Wed Feb 13 11:02:06 CET 2019]; root of context hierarchy
[ INFO] 2019-02-13 11:02:06,983 [] [] Loading XML bean definitions from file [E:\S4\Appli_Reflexive\Projet_Appli_Reflexive\apache-ftpserver-1.1.0\res\conf\ftpd-typical.xml]
[ INFO] 2019-02-13 11:02:07,299 [] [] Bean factory for application context [org.springframework.context.support.FileSystemXmlApplicationContext@deb6432]: org.springframework.beans.factory.support.DefaultListableBeanFactory@482f8f11
[ INFO] 2019-02-13 11:02:07,309 [] [] Pre-instantiating singletons in org.springframework.beans.factory.support.DefaultListableBeanFactory@482f8f11: defining beans [org.apache.ftpserver.listener.ListenerFactory#0,org.apache.ftpserver.usermanager.PropertiesUserManagerFactory#0,org.apache.ftpserver.FtpServerFactory#0,myServer]; root of factory hierarchy
[ INFO] 2019-02-13 11:02:07,418 [] [] FTP server started
[ INFO] 2019-02-13 11:15:27,807 [] [0:0:0:0:0:0:0:1] CREATED
[ INFO] 2019-02-13 11:15:27,812 [] [0:0:0:0:0:0:0:1] OPENED
[ INFO] 2019-02-13 11:15:27,819 [] [0:0:0:0:0:0:0:1] SENT: 220 Service ready for new user.

[ INFO] 2019-02-13 11:15:27,823 [] [0:0:0:0:0:0:0:1] RECEIVED: USER anonymous
[ INFO] 2019-02-13 11:15:27,826 [anonymous] [0:0:0:0:0:0:0:1] SENT: 331 Guest login okay, send your complete e-mail address as password.

[ INFO] 2019-02-13 11:15:27,826 [anonymous] [0:0:0:0:0:0:0:1] RECEIVED: PASS *****
[ INFO] 2019-02-13 11:15:27,829 [anonymous] [0:0:0:0:0:0:0:1] Anonymous login success - chrome@example.com
[ INFO] 2019-02-13 11:15:27,829 [anonymous] [0:0:0:0:0:0:0:1] SENT: 230 User logged in, proceed.

[ INFO] 2019-02-13 11:15:27,830 [anonymous] [0:0:0:0:0:0:0:1] RECEIVED: SYST
[ INFO] 2019-02-13 11:15:27,830 [anonymous] [0:0:0:0:0:0:0:1] SENT: 215 UNIX Type: Apache FtpServer

[ INFO] 2019-02-13 11:15:27,831 [anonymous] [0:0:0:0:0:0:0:1] RECEIVED: PWD
[ INFO] 2019-02-13 11:15:27,832 [anonymous] [0:0:0:0:0:0:0:1] SENT: 257 "/" is current directory.

[ INFO] 2019-02-13 11:15:27,832 [anonymous] [0:0:0:0:0:0:0:1] RECEIVED: TYPE I
[ INFO] 2019-02-13 11:15:27,833 [anonymous] [0:0:0:0:0:0:0:1] SENT: 200 Command TYPE okay.

[ INFO] 2019-02-13 11:15:27,833 [anonymous] [0:0:0:0:0:0:0:1] RECEIVED: SIZE /
[ INFO] 2019-02-13 11:15:27,834 [anonymous] [0:0:0:0:0:0:0:1] SENT: 550 /: Not a plain file.

[ INFO] 2019-02-13 11:15:27,838 [anonymous] [0:0:0:0:0:0:0:1] RECEIVED: CWD /
[ INFO] 2019-02-13 11:15:27,840 [anonymous] [0:0:0:0:0:0:0:1] SENT: 250 Directory changed to /

[ INFO] 2019-02-13 11:15:27,841 [anonymous] [0:0:0:0:0:0:0:1] RECEIVED: EPSV
[ INFO] 2019-02-13 11:15:27,843 [anonymous] [0:0:0:0:0:0:0:1] SENT: 229 Entering Passive Mode (|||64208|)

[ INFO] 2019-02-13 11:15:27,844 [anonymous] [0:0:0:0:0:0:0:1] RECEIVED: LIST -l
[ WARN] 2019-02-13 11:15:27,851 [anonymous] [0:0:0:0:0:0:0:1] Releasing unreserved passive port: 64208
[ INFO] 2019-02-13 11:15:27,851 [anonymous] [0:0:0:0:0:0:0:1] SENT: 150 File status okay; about to open data connection.

[ INFO] 2019-02-13 11:15:27,851 [anonymous] [0:0:0:0:0:0:0:1] CLOSED
[ INFO] 2019-02-20 10:37:15,904 [] [] FTP server started
[ INFO] 2019-02-20 10:40:29,972 [] [] Refreshing org.springframework.context.support.FileSystemXmlApplicationContext@deb6432: display name [org.springframework.context.support.FileSystemXmlApplicationContext@deb6432]; startup date [Wed Feb 20 10:40:29 CET 2019]; root of context hierarchy
[ INFO] 2019-02-20 10:40:30,011 [] [] Loading XML bean definitions from file [C:\Users\belbachi\Desktop\dut_a2_appref_bri\vendor\apache-ftpserver-1.1.0\.\vendor\apache-ftpserver-1.1.0\res\conf\ftpd-typical.xml]
[ INFO] 2019-02-20 10:40:35,709 [] [] Refreshing org.springframework.context.support.FileSystemXmlApplicationContext@deb6432: display name [org.springframework.context.support.FileSystemXmlApplicationContext@deb6432]; startup date [Wed Feb 20 10:40:35 CET 2019]; root of context hierarchy
[ INFO] 2019-02-20 10:40:35,749 [] [] Loading XML bean definitions from file [C:\Users\belbachi\Desktop\dut_a2_appref_bri\vendor\apache-ftpserver-1.1.0\.\vendor\apache-ftpserver-1.1.0\res\conf\ftpd-typical.xml]
[ INFO] 2019-02-20 10:40:36,988 [] [] Refreshing org.springframework.context.support.FileSystemXmlApplicationContext@deb6432: display name [org.springframework.context.support.FileSystemXmlApplicationContext@deb6432]; startup date [Wed Feb 20 10:40:36 CET 2019]; root of context hierarchy
[ INFO] 2019-02-20 10:40:37,029 [] [] Loading XML bean definitions from file [C:\Users\belbachi\Desktop\dut_a2_appref_bri\vendor\apache-ftpserver-1.1.0\.\vendor\apache-ftpserver-1.1.0\res\conf\ftpd-typical.xml]
[ INFO] 2019-02-20 10:40:51,324 [] [] Refreshing org.springframework.context.support.FileSystemXmlApplicationContext@deb6432: display name [org.springframework.context.support.FileSystemXmlApplicationContext@deb6432]; startup date [Wed Feb 20 10:40:51 CET 2019]; root of context hierarchy
[ INFO] 2019-02-20 10:40:51,360 [] [] Loading XML bean definitions from file [C:\Users\belbachi\Desktop\dut_a2_appref_bri\vendor\apache-ftpserver-1.1.0\.\vendor\apache-ftpserver-1.1.0\res\conf\ftpd-typical.xml]
[ INFO] 2019-03-09 17:52:10,779 [] [] FTP server started
[ INFO] 2019-03-09 17:52:21,814 [] [0:0:0:0:0:0:0:1] CREATED
[ INFO] 2019-03-09 17:52:21,831 [] [0:0:0:0:0:0:0:1] OPENED
[ INFO] 2019-03-09 17:52:21,853 [] [0:0:0:0:0:0:0:1] SENT: 220 Service ready for new user.

[ INFO] 2019-03-09 17:52:21,858 [] [0:0:0:0:0:0:0:1] RECEIVED: USER anonymous
[ INFO] 2019-03-09 17:52:21,862 [anonymous] [0:0:0:0:0:0:0:1] SENT: 331 Guest login okay, send your complete e-mail address as password.

[ INFO] 2019-03-09 17:52:21,863 [anonymous] [0:0:0:0:0:0:0:1] RECEIVED: PASS *****
[ WARN] 2019-03-09 17:52:21,866 [anonymous] [0:0:0:0:0:0:0:1] User failed to log in
[ WARN] 2019-03-09 17:52:22,366 [anonymous] [0:0:0:0:0:0:0:1] Login failure - anonymous
[ INFO] 2019-03-09 17:52:22,370 [anonymous] [0:0:0:0:0:0:0:1] SENT: 530 Authentication failed.

[ INFO] 2019-03-09 17:52:22,371 [anonymous] [0:0:0:0:0:0:0:1] RECEIVED: QUIT
[ INFO] 2019-03-09 17:52:22,390 [anonymous] [0:0:0:0:0:0:0:1] SENT: 221 Goodbye.

[ INFO] 2019-03-09 17:52:22,391 [anonymous] [0:0:0:0:0:0:0:1] CLOSED
[ INFO] 2019-03-09 17:59:01,731 [] [] FTP server started
[ INFO] 2019-03-09 17:59:04,767 [] [0:0:0:0:0:0:0:1] CREATED
[ INFO] 2019-03-09 17:59:04,785 [] [0:0:0:0:0:0:0:1] OPENED
[ INFO] 2019-03-09 17:59:04,804 [] [0:0:0:0:0:0:0:1] SENT: 220 Service ready for new user.

[ INFO] 2019-03-09 17:59:04,810 [] [0:0:0:0:0:0:0:1] RECEIVED: USER anonymous
[ INFO] 2019-03-09 17:59:04,813 [anonymous] [0:0:0:0:0:0:0:1] SENT: 331 Guest login okay, send your complete e-mail address as password.

[ INFO] 2019-03-09 17:59:04,813 [anonymous] [0:0:0:0:0:0:0:1] RECEIVED: PASS *****
[ WARN] 2019-03-09 17:59:04,818 [anonymous] [0:0:0:0:0:0:0:1] User failed to log in
[ WARN] 2019-03-09 17:59:05,319 [anonymous] [0:0:0:0:0:0:0:1] Login failure - anonymous
[ INFO] 2019-03-09 17:59:05,322 [anonymous] [0:0:0:0:0:0:0:1] SENT: 530 Authentication failed.

[ INFO] 2019-03-09 17:59:05,324 [anonymous] [0:0:0:0:0:0:0:1] RECEIVED: QUIT
[ INFO] 2019-03-09 17:59:05,344 [anonymous] [0:0:0:0:0:0:0:1] SENT: 221 Goodbye.

[ INFO] 2019-03-09 17:59:05,345 [anonymous] [0:0:0:0:0:0:0:1] CLOSED
[ INFO] 2019-03-09 17:59:05,435 [] [0:0:0:0:0:0:0:1] CREATED
[ INFO] 2019-03-09 17:59:05,436 [] [0:0:0:0:0:0:0:1] OPENED
[ INFO] 2019-03-09 17:59:05,438 [] [0:0:0:0:0:0:0:1] SENT: 220 Service ready for new user.

[ INFO] 2019-03-09 17:59:05,438 [] [0:0:0:0:0:0:0:1] RECEIVED: USER anonymous
[ INFO] 2019-03-09 17:59:05,440 [anonymous] [0:0:0:0:0:0:0:1] SENT: 331 Guest login okay, send your complete e-mail address as password.

[ INFO] 2019-03-09 17:59:05,440 [anonymous] [0:0:0:0:0:0:0:1] RECEIVED: PASS *****
[ WARN] 2019-03-09 17:59:05,441 [anonymous] [0:0:0:0:0:0:0:1] User failed to log in
[ WARN] 2019-03-09 17:59:05,942 [anonymous] [0:0:0:0:0:0:0:1] Login failure - anonymous
[ INFO] 2019-03-09 17:59:05,945 [anonymous] [0:0:0:0:0:0:0:1] SENT: 530 Authentication failed.

[ INFO] 2019-03-09 17:59:05,945 [anonymous] [0:0:0:0:0:0:0:1] RECEIVED: QUIT
[ INFO] 2019-03-09 17:59:05,950 [anonymous] [0:0:0:0:0:0:0:1] SENT: 221 Goodbye.

[ INFO] 2019-03-09 17:59:05,951 [anonymous] [0:0:0:0:0:0:0:1] CLOSED
[ INFO] 2019-03-09 17:59:08,610 [] [0:0:0:0:0:0:0:1] CREATED
[ INFO] 2019-03-09 17:59:08,611 [] [0:0:0:0:0:0:0:1] OPENED
[ INFO] 2019-03-09 17:59:08,613 [] [0:0:0:0:0:0:0:1] SENT: 220 Service ready for new user.

[ INFO] 2019-03-09 17:59:08,614 [] [0:0:0:0:0:0:0:1] RECEIVED: USER 
[ INFO] 2019-03-09 17:59:08,616 [] [0:0:0:0:0:0:0:1] SENT: 501 Syntax error in parameters or arguments.

[ INFO] 2019-03-09 17:59:08,617 [] [0:0:0:0:0:0:0:1] CLOSED
[ INFO] 2019-03-09 17:59:09,380 [] [0:0:0:0:0:0:0:1] CREATED
[ INFO] 2019-03-09 17:59:09,381 [] [0:0:0:0:0:0:0:1] OPENED
[ INFO] 2019-03-09 17:59:09,385 [] [0:0:0:0:0:0:0:1] SENT: 220 Service ready for new user.

[ INFO] 2019-03-09 17:59:09,386 [] [0:0:0:0:0:0:0:1] RECEIVED: USER 
[ INFO] 2019-03-09 17:59:09,388 [] [0:0:0:0:0:0:0:1] SENT: 501 Syntax error in parameters or arguments.

[ INFO] 2019-03-09 17:59:09,388 [] [0:0:0:0:0:0:0:1] CLOSED
[ INFO] 2019-03-09 17:59:11,219 [] [0:0:0:0:0:0:0:1] CREATED
[ INFO] 2019-03-09 17:59:11,220 [] [0:0:0:0:0:0:0:1] OPENED
[ INFO] 2019-03-09 17:59:11,222 [] [0:0:0:0:0:0:0:1] SENT: 220 Service ready for new user.

[ INFO] 2019-03-09 17:59:11,222 [] [0:0:0:0:0:0:0:1] RECEIVED: USER root
[ INFO] 2019-03-09 17:59:11,223 [root] [0:0:0:0:0:0:0:1] SENT: 331 User name okay, need password for root.

[ INFO] 2019-03-09 17:59:11,223 [root] [0:0:0:0:0:0:0:1] RECEIVED: PASS 
[ WARN] 2019-03-09 17:59:11,224 [root] [0:0:0:0:0:0:0:1] User failed to log in
[ WARN] 2019-03-09 17:59:11,725 [root] [0:0:0:0:0:0:0:1] Login failure - root
[ INFO] 2019-03-09 17:59:11,727 [root] [0:0:0:0:0:0:0:1] SENT: 530 Authentication failed.

[ INFO] 2019-03-09 17:59:11,728 [root] [0:0:0:0:0:0:0:1] RECEIVED: QUIT
[ INFO] 2019-03-09 17:59:11,731 [root] [0:0:0:0:0:0:0:1] SENT: 221 Goodbye.

[ INFO] 2019-03-09 17:59:11,732 [root] [0:0:0:0:0:0:0:1] CLOSED
[ INFO] 2019-03-09 17:59:16,748 [] [0:0:0:0:0:0:0:1] CREATED
[ INFO] 2019-03-09 17:59:16,749 [] [0:0:0:0:0:0:0:1] OPENED
[ INFO] 2019-03-09 17:59:16,750 [] [0:0:0:0:0:0:0:1] SENT: 220 Service ready for new user.

[ INFO] 2019-03-09 17:59:16,751 [] [0:0:0:0:0:0:0:1] RECEIVED: USER admin
[ INFO] 2019-03-09 17:59:16,752 [admin] [0:0:0:0:0:0:0:1] SENT: 331 User name okay, need password for admin.

[ INFO] 2019-03-09 17:59:16,753 [admin] [0:0:0:0:0:0:0:1] RECEIVED: PASS *****
[ WARN] 2019-03-09 17:59:16,753 [admin] [0:0:0:0:0:0:0:1] User failed to log in
[ WARN] 2019-03-09 17:59:17,253 [admin] [0:0:0:0:0:0:0:1] Login failure - admin
[ INFO] 2019-03-09 17:59:17,255 [admin] [0:0:0:0:0:0:0:1] SENT: 530 Authentication failed.

[ INFO] 2019-03-09 17:59:17,255 [admin] [0:0:0:0:0:0:0:1] RECEIVED: QUIT
[ INFO] 2019-03-09 17:59:17,256 [admin] [0:0:0:0:0:0:0:1] SENT: 221 Goodbye.

[ INFO] 2019-03-09 17:59:17,257 [admin] [0:0:0:0:0:0:0:1] CLOSED
[ INFO] 2019-03-09 17:59:20,421 [] [0:0:0:0:0:0:0:1] CREATED
[ INFO] 2019-03-09 17:59:20,422 [] [0:0:0:0:0:0:0:1] OPENED
[ INFO] 2019-03-09 17:59:20,423 [] [0:0:0:0:0:0:0:1] SENT: 220 Service ready for new user.

[ INFO] 2019-03-09 17:59:20,424 [] [0:0:0:0:0:0:0:1] RECEIVED: USER ftp
[ INFO] 2019-03-09 17:59:20,425 [ftp] [0:0:0:0:0:0:0:1] SENT: 331 User name okay, need password for ftp.

[ INFO] 2019-03-09 17:59:20,425 [ftp] [0:0:0:0:0:0:0:1] RECEIVED: PASS *****
[ WARN] 2019-03-09 17:59:20,426 [ftp] [0:0:0:0:0:0:0:1] User failed to log in
[ WARN] 2019-03-09 17:59:20,926 [ftp] [0:0:0:0:0:0:0:1] Login failure - ftp
[ INFO] 2019-03-09 17:59:20,927 [ftp] [0:0:0:0:0:0:0:1] SENT: 530 Authentication failed.

[ INFO] 2019-03-09 17:59:20,927 [ftp] [0:0:0:0:0:0:0:1] RECEIVED: QUIT
[ INFO] 2019-03-09 17:59:20,929 [ftp] [0:0:0:0:0:0:0:1] SENT: 221 Goodbye.

[ INFO] 2019-03-09 17:59:20,930 [ftp] [0:0:0:0:0:0:0:1] CLOSED
[ INFO] 2019-03-09 18:49:24,812 [] [] Refreshing org.springframework.context.support.FileSystemXmlApplicationContext@10a035a0: display name [org.springframework.context.support.FileSystemXmlApplicationContext@10a035a0]; startup date [Sat Mar 09 18:49:24 CET 2019]; root of context hierarchy
[ INFO] 2019-03-09 18:49:24,854 [] [] Loading XML bean definitions from file [C:\Users\Sacha\Desktop\dut_a2_appref_bri\vendor\apache-ftpserver-1.1.0\res\conf\ftpd-typical.xml]
[ INFO] 2019-03-09 18:49:25,040 [] [] Bean factory for application context [org.springframework.context.support.FileSystemXmlApplicationContext@10a035a0]: org.springframework.beans.factory.support.DefaultListableBeanFactory@7c7a06ec
[ INFO] 2019-03-09 18:49:25,052 [] [] Pre-instantiating singletons in org.springframework.beans.factory.support.DefaultListableBeanFactory@7c7a06ec: defining beans [org.apache.ftpserver.listener.ListenerFactory#0,org.apache.ftpserver.usermanager.PropertiesUserManagerFactory#0,org.apache.ftpserver.FtpServerFactory#0,myServer]; root of factory hierarchy
[ INFO] 2019-03-09 18:49:25,444 [] [] FTP server started
[ INFO] 2019-03-09 18:50:00,851 [] [0:0:0:0:0:0:0:1] CREATED
[ INFO] 2019-03-09 18:50:00,871 [] [0:0:0:0:0:0:0:1] OPENED
[ INFO] 2019-03-09 18:50:00,880 [] [0:0:0:0:0:0:0:1] SENT: 220 Service ready for new user.

[ INFO] 2019-03-09 18:50:00,882 [] [0:0:0:0:0:0:0:1] RECEIVED: USER anonymous
[ INFO] 2019-03-09 18:50:00,888 [anonymous] [0:0:0:0:0:0:0:1] SENT: 331 Guest login okay, send your complete e-mail address as password.

[ INFO] 2019-03-09 18:50:00,889 [anonymous] [0:0:0:0:0:0:0:1] RECEIVED: PASS *****
[ INFO] 2019-03-09 18:50:00,904 [anonymous] [0:0:0:0:0:0:0:1] Anonymous login success - chrome@example.com
[ INFO] 2019-03-09 18:50:00,905 [anonymous] [0:0:0:0:0:0:0:1] SENT: 230 User logged in, proceed.

[ INFO] 2019-03-09 18:50:00,905 [anonymous] [0:0:0:0:0:0:0:1] RECEIVED: SYST
[ INFO] 2019-03-09 18:50:00,906 [anonymous] [0:0:0:0:0:0:0:1] SENT: 215 UNIX Type: Apache FtpServer

[ INFO] 2019-03-09 18:50:00,911 [anonymous] [0:0:0:0:0:0:0:1] RECEIVED: PWD
[ INFO] 2019-03-09 18:50:00,914 [anonymous] [0:0:0:0:0:0:0:1] SENT: 257 "/" is current directory.

[ INFO] 2019-03-09 18:50:00,914 [anonymous] [0:0:0:0:0:0:0:1] RECEIVED: TYPE I
[ INFO] 2019-03-09 18:50:00,915 [anonymous] [0:0:0:0:0:0:0:1] SENT: 200 Command TYPE okay.

[ INFO] 2019-03-09 18:50:00,916 [anonymous] [0:0:0:0:0:0:0:1] RECEIVED: SIZE /
[ INFO] 2019-03-09 18:50:00,916 [anonymous] [0:0:0:0:0:0:0:1] SENT: 550 /: Not a plain file.

[ INFO] 2019-03-09 18:50:00,917 [anonymous] [0:0:0:0:0:0:0:1] RECEIVED: CWD /
[ INFO] 2019-03-09 18:50:00,925 [anonymous] [0:0:0:0:0:0:0:1] SENT: 250 Directory changed to /

[ INFO] 2019-03-09 18:50:00,927 [anonymous] [0:0:0:0:0:0:0:1] RECEIVED: EPSV
[ INFO] 2019-03-09 18:50:00,932 [anonymous] [0:0:0:0:0:0:0:1] SENT: 229 Entering Passive Mode (|||53030|)

[ INFO] 2019-03-09 18:50:00,932 [anonymous] [0:0:0:0:0:0:0:1] RECEIVED: LIST -l
[ WARN] 2019-03-09 18:50:00,947 [anonymous] [0:0:0:0:0:0:0:1] Releasing unreserved passive port: 53030
[ INFO] 2019-03-09 18:50:00,948 [anonymous] [0:0:0:0:0:0:0:1] SENT: 150 File status okay; about to open data connection.

[ INFO] 2019-03-09 18:50:00,948 [anonymous] [0:0:0:0:0:0:0:1] CLOSED
[ INFO] 2019-03-09 18:50:04,168 [] [0:0:0:0:0:0:0:1] CREATED
[ INFO] 2019-03-09 18:50:04,171 [] [0:0:0:0:0:0:0:1] OPENED
[ INFO] 2019-03-09 18:50:04,173 [] [0:0:0:0:0:0:0:1] SENT: 220 Service ready for new user.

[ INFO] 2019-03-09 18:50:04,173 [] [0:0:0:0:0:0:0:1] RECEIVED: USER anonymous
[ INFO] 2019-03-09 18:50:04,175 [anonymous] [0:0:0:0:0:0:0:1] SENT: 331 Guest login okay, send your complete e-mail address as password.

[ INFO] 2019-03-09 18:50:04,175 [anonymous] [0:0:0:0:0:0:0:1] RECEIVED: PASS *****
[ INFO] 2019-03-09 18:50:04,176 [anonymous] [0:0:0:0:0:0:0:1] Anonymous login success - chrome@example.com
[ INFO] 2019-03-09 18:50:04,176 [anonymous] [0:0:0:0:0:0:0:1] SENT: 230 User logged in, proceed.

[ INFO] 2019-03-09 18:50:04,177 [anonymous] [0:0:0:0:0:0:0:1] RECEIVED: SYST
[ INFO] 2019-03-09 18:50:04,178 [anonymous] [0:0:0:0:0:0:0:1] SENT: 215 UNIX Type: Apache FtpServer

[ INFO] 2019-03-09 18:50:04,179 [anonymous] [0:0:0:0:0:0:0:1] RECEIVED: PWD
[ INFO] 2019-03-09 18:50:04,180 [anonymous] [0:0:0:0:0:0:0:1] SENT: 257 "/" is current directory.

[ INFO] 2019-03-09 18:50:04,180 [anonymous] [0:0:0:0:0:0:0:1] RECEIVED: TYPE I
[ INFO] 2019-03-09 18:50:04,182 [anonymous] [0:0:0:0:0:0:0:1] SENT: 200 Command TYPE okay.

[ INFO] 2019-03-09 18:50:04,182 [anonymous] [0:0:0:0:0:0:0:1] RECEIVED: SIZE /README.txt
[ INFO] 2019-03-09 18:50:04,183 [anonymous] [0:0:0:0:0:0:0:1] SENT: 213 28

[ INFO] 2019-03-09 18:50:04,183 [anonymous] [0:0:0:0:0:0:0:1] RECEIVED: CWD /README.txt
[ INFO] 2019-03-09 18:50:04,184 [anonymous] [0:0:0:0:0:0:0:1] SENT: 550 No such directory.

[ INFO] 2019-03-09 18:50:04,185 [anonymous] [0:0:0:0:0:0:0:1] RECEIVED: EPSV
[ INFO] 2019-03-09 18:50:04,187 [anonymous] [0:0:0:0:0:0:0:1] SENT: 229 Entering Passive Mode (|||53036|)

[ INFO] 2019-03-09 18:50:04,189 [anonymous] [0:0:0:0:0:0:0:1] RECEIVED: RETR /README.txt
[ INFO] 2019-03-09 18:50:04,248 [anonymous] [0:0:0:0:0:0:0:1] File downloaded /README.txt
[ WARN] 2019-03-09 18:50:04,248 [anonymous] [0:0:0:0:0:0:0:1] Releasing unreserved passive port: 53036
[ INFO] 2019-03-09 18:50:04,249 [anonymous] [0:0:0:0:0:0:0:1] SENT: 150 File status okay; about to open data connection.

[ INFO] 2019-03-09 18:50:04,249 [anonymous] [0:0:0:0:0:0:0:1] SENT: 226 Transfer complete.

[ INFO] 2019-03-09 18:50:04,249 [anonymous] [0:0:0:0:0:0:0:1] RECEIVED: QUIT
[ INFO] 2019-03-09 18:50:04,249 [anonymous] [0:0:0:0:0:0:0:1] SENT: 221 Goodbye.

[ INFO] 2019-03-09 18:50:04,250 [anonymous] [0:0:0:0:0:0:0:1] CLOSED
[ INFO] 2019-03-09 18:52:19,393 [] [] Refreshing org.springframework.context.support.FileSystemXmlApplicationContext@10a035a0: display name [org.springframework.context.support.FileSystemXmlApplicationContext@10a035a0]; startup date [Sat Mar 09 18:52:19 CET 2019]; root of context hierarchy
[ INFO] 2019-03-09 18:52:19,442 [] [] Loading XML bean definitions from file [C:\Users\Sacha\Desktop\dut_a2_appref_bri\vendor\apache-ftpserver-1.1.0\res\conf\ftpd-typical.xml]
[ INFO] 2019-03-09 18:52:19,916 [] [] Bean factory for application context [org.springframework.context.support.FileSystemXmlApplicationContext@10a035a0]: org.springframework.beans.factory.support.DefaultListableBeanFactory@10163d6
[ INFO] 2019-03-09 18:52:19,931 [] [] Pre-instantiating singletons in org.springframework.beans.factory.support.DefaultListableBeanFactory@10163d6: defining beans [org.apache.ftpserver.listener.ListenerFactory#0,org.apache.ftpserver.usermanager.PropertiesUserManagerFactory#0,org.apache.ftpserver.FtpServerFactory#0,myServer]; root of factory hierarchy
[ INFO] 2019-03-09 18:52:20,085 [] [] FTP server started
[ INFO] 2019-03-09 18:52:26,898 [] [0:0:0:0:0:0:0:1] CREATED
[ INFO] 2019-03-09 18:52:26,910 [] [0:0:0:0:0:0:0:1] OPENED
[ INFO] 2019-03-09 18:52:26,918 [] [0:0:0:0:0:0:0:1] SENT: 220 Service ready for new user.

[ INFO] 2019-03-09 18:52:26,920 [] [0:0:0:0:0:0:0:1] RECEIVED: USER anonymous
[ INFO] 2019-03-09 18:52:26,923 [anonymous] [0:0:0:0:0:0:0:1] SENT: 331 Guest login okay, send your complete e-mail address as password.

[ INFO] 2019-03-09 18:52:26,923 [anonymous] [0:0:0:0:0:0:0:1] RECEIVED: PASS *****
[ INFO] 2019-03-09 18:52:26,929 [anonymous] [0:0:0:0:0:0:0:1] Anonymous login success - chrome@example.com
[ INFO] 2019-03-09 18:52:26,929 [anonymous] [0:0:0:0:0:0:0:1] SENT: 230 User logged in, proceed.

[ INFO] 2019-03-09 18:52:26,930 [anonymous] [0:0:0:0:0:0:0:1] RECEIVED: SYST
[ INFO] 2019-03-09 18:52:26,930 [anonymous] [0:0:0:0:0:0:0:1] SENT: 215 UNIX Type: Apache FtpServer

[ INFO] 2019-03-09 18:52:26,933 [anonymous] [0:0:0:0:0:0:0:1] RECEIVED: PWD
[ INFO] 2019-03-09 18:52:26,934 [anonymous] [0:0:0:0:0:0:0:1] SENT: 257 "/" is current directory.

[ INFO] 2019-03-09 18:52:26,935 [anonymous] [0:0:0:0:0:0:0:1] RECEIVED: TYPE I
[ INFO] 2019-03-09 18:52:26,935 [anonymous] [0:0:0:0:0:0:0:1] SENT: 200 Command TYPE okay.

[ INFO] 2019-03-09 18:52:26,936 [anonymous] [0:0:0:0:0:0:0:1] RECEIVED: SIZE /
[ INFO] 2019-03-09 18:52:26,936 [anonymous] [0:0:0:0:0:0:0:1] SENT: 550 /: Not a plain file.

[ INFO] 2019-03-09 18:52:26,936 [anonymous] [0:0:0:0:0:0:0:1] RECEIVED: CWD /
[ INFO] 2019-03-09 18:52:26,937 [anonymous] [0:0:0:0:0:0:0:1] SENT: 250 Directory changed to /

[ INFO] 2019-03-09 18:52:26,938 [anonymous] [0:0:0:0:0:0:0:1] RECEIVED: EPSV
[ INFO] 2019-03-09 18:52:26,940 [anonymous] [0:0:0:0:0:0:0:1] SENT: 229 Entering Passive Mode (|||53176|)

[ INFO] 2019-03-09 18:52:26,941 [anonymous] [0:0:0:0:0:0:0:1] RECEIVED: LIST -l
[ WARN] 2019-03-09 18:52:26,947 [anonymous] [0:0:0:0:0:0:0:1] Releasing unreserved passive port: 53176
[ INFO] 2019-03-09 18:52:26,947 [anonymous] [0:0:0:0:0:0:0:1] SENT: 150 File status okay; about to open data connection.

[ INFO] 2019-03-09 18:52:26,951 [anonymous] [0:0:0:0:0:0:0:1] CLOSED
[ INFO] 2019-03-09 18:52:28,680 [] [0:0:0:0:0:0:0:1] CREATED
[ INFO] 2019-03-09 18:52:28,680 [] [0:0:0:0:0:0:0:1] OPENED
[ INFO] 2019-03-09 18:52:28,681 [] [0:0:0:0:0:0:0:1] SENT: 220 Service ready for new user.

[ INFO] 2019-03-09 18:52:28,682 [] [0:0:0:0:0:0:0:1] RECEIVED: USER anonymous
[ INFO] 2019-03-09 18:52:28,683 [anonymous] [0:0:0:0:0:0:0:1] SENT: 331 Guest login okay, send your complete e-mail address as password.

[ INFO] 2019-03-09 18:52:28,684 [anonymous] [0:0:0:0:0:0:0:1] RECEIVED: PASS *****
[ INFO] 2019-03-09 18:52:28,685 [anonymous] [0:0:0:0:0:0:0:1] Anonymous login success - chrome@example.com
[ INFO] 2019-03-09 18:52:28,686 [anonymous] [0:0:0:0:0:0:0:1] SENT: 230 User logged in, proceed.

[ INFO] 2019-03-09 18:52:28,687 [anonymous] [0:0:0:0:0:0:0:1] RECEIVED: SYST
[ INFO] 2019-03-09 18:52:28,691 [anonymous] [0:0:0:0:0:0:0:1] SENT: 215 UNIX Type: Apache FtpServer

[ INFO] 2019-03-09 18:52:28,691 [anonymous] [0:0:0:0:0:0:0:1] RECEIVED: PWD
[ INFO] 2019-03-09 18:52:28,692 [anonymous] [0:0:0:0:0:0:0:1] SENT: 257 "/" is current directory.

[ INFO] 2019-03-09 18:52:28,692 [anonymous] [0:0:0:0:0:0:0:1] RECEIVED: TYPE I
[ INFO] 2019-03-09 18:52:28,692 [anonymous] [0:0:0:0:0:0:0:1] SENT: 200 Command TYPE okay.

[ INFO] 2019-03-09 18:52:28,693 [anonymous] [0:0:0:0:0:0:0:1] RECEIVED: SIZE /README.txt
[ INFO] 2019-03-09 18:52:28,693 [anonymous] [0:0:0:0:0:0:0:1] SENT: 213 28

[ INFO] 2019-03-09 18:52:28,694 [anonymous] [0:0:0:0:0:0:0:1] RECEIVED: CWD /README.txt
[ INFO] 2019-03-09 18:52:28,695 [anonymous] [0:0:0:0:0:0:0:1] SENT: 550 No such directory.

[ INFO] 2019-03-09 18:52:28,696 [anonymous] [0:0:0:0:0:0:0:1] RECEIVED: EPSV
[ INFO] 2019-03-09 18:52:28,697 [anonymous] [0:0:0:0:0:0:0:1] SENT: 229 Entering Passive Mode (|||53181|)

[ INFO] 2019-03-09 18:52:28,698 [anonymous] [0:0:0:0:0:0:0:1] RECEIVED: RETR /README.txt
[ INFO] 2019-03-09 18:52:28,750 [anonymous] [0:0:0:0:0:0:0:1] File downloaded /README.txt
[ WARN] 2019-03-09 18:52:28,751 [anonymous] [0:0:0:0:0:0:0:1] Releasing unreserved passive port: 53181
[ INFO] 2019-03-09 18:52:28,751 [anonymous] [0:0:0:0:0:0:0:1] SENT: 150 File status okay; about to open data connection.

[ INFO] 2019-03-09 18:52:28,751 [anonymous] [0:0:0:0:0:0:0:1] SENT: 226 Transfer complete.

[ INFO] 2019-03-09 18:52:28,751 [anonymous] [0:0:0:0:0:0:0:1] RECEIVED: QUIT
[ INFO] 2019-03-09 18:52:28,752 [anonymous] [0:0:0:0:0:0:0:1] SENT: 221 Goodbye.

[ INFO] 2019-03-09 18:52:28,752 [anonymous] [0:0:0:0:0:0:0:1] CLOSED
[ INFO] 2019-03-09 18:52:31,172 [] [0:0:0:0:0:0:0:1] CREATED
[ INFO] 2019-03-09 18:52:31,173 [] [0:0:0:0:0:0:0:1] OPENED
[ INFO] 2019-03-09 18:52:31,174 [] [0:0:0:0:0:0:0:1] SENT: 220 Service ready for new user.

[ INFO] 2019-03-09 18:52:31,175 [] [0:0:0:0:0:0:0:1] RECEIVED: USER anonymous
[ INFO] 2019-03-09 18:52:31,175 [anonymous] [0:0:0:0:0:0:0:1] SENT: 331 Guest login okay, send your complete e-mail address as password.

[ INFO] 2019-03-09 18:52:31,176 [anonymous] [0:0:0:0:0:0:0:1] RECEIVED: PASS *****
[ INFO] 2019-03-09 18:52:31,176 [anonymous] [0:0:0:0:0:0:0:1] Anonymous login success - chrome@example.com
[ INFO] 2019-03-09 18:52:31,176 [anonymous] [0:0:0:0:0:0:0:1] SENT: 230 User logged in, proceed.

[ INFO] 2019-03-09 18:52:31,176 [anonymous] [0:0:0:0:0:0:0:1] RECEIVED: SYST
[ INFO] 2019-03-09 18:52:31,177 [anonymous] [0:0:0:0:0:0:0:1] SENT: 215 UNIX Type: Apache FtpServer

[ INFO] 2019-03-09 18:52:31,177 [anonymous] [0:0:0:0:0:0:0:1] RECEIVED: PWD
[ INFO] 2019-03-09 18:52:31,177 [anonymous] [0:0:0:0:0:0:0:1] SENT: 257 "/" is current directory.

[ INFO] 2019-03-09 18:52:31,178 [anonymous] [0:0:0:0:0:0:0:1] RECEIVED: TYPE I
[ INFO] 2019-03-09 18:52:31,179 [anonymous] [0:0:0:0:0:0:0:1] SENT: 200 Command TYPE okay.

[ INFO] 2019-03-09 18:52:31,179 [anonymous] [0:0:0:0:0:0:0:1] RECEIVED: SIZE /texte
[ INFO] 2019-03-09 18:52:31,179 [anonymous] [0:0:0:0:0:0:0:1] SENT: 550 /texte: Not a plain file.

[ INFO] 2019-03-09 18:52:31,179 [anonymous] [0:0:0:0:0:0:0:1] RECEIVED: CWD /texte/
[ INFO] 2019-03-09 18:52:31,180 [anonymous] [0:0:0:0:0:0:0:1] SENT: 250 Directory changed to /texte

[ INFO] 2019-03-09 18:52:31,181 [anonymous] [0:0:0:0:0:0:0:1] RECEIVED: EPSV
[ INFO] 2019-03-09 18:52:31,181 [anonymous] [0:0:0:0:0:0:0:1] SENT: 229 Entering Passive Mode (|||53185|)

[ INFO] 2019-03-09 18:52:31,182 [anonymous] [0:0:0:0:0:0:0:1] RECEIVED: LIST -l
[ WARN] 2019-03-09 18:52:31,186 [anonymous] [0:0:0:0:0:0:0:1] Releasing unreserved passive port: 53185
[ INFO] 2019-03-09 18:52:31,187 [anonymous] [0:0:0:0:0:0:0:1] SENT: 150 File status okay; about to open data connection.

[ INFO] 2019-03-09 18:52:31,187 [anonymous] [0:0:0:0:0:0:0:1] SENT: 226 Closing data connection.

[ INFO] 2019-03-09 18:52:31,188 [anonymous] [0:0:0:0:0:0:0:1] RECEIVED: QUIT
[ INFO] 2019-03-09 18:52:31,190 [anonymous] [0:0:0:0:0:0:0:1] SENT: 221 Goodbye.

[ INFO] 2019-03-09 18:52:31,190 [anonymous] [0:0:0:0:0:0:0:1] CLOSED
[ INFO] 2019-03-09 18:52:32,298 [] [0:0:0:0:0:0:0:1] CREATED
[ INFO] 2019-03-09 18:52:32,299 [] [0:0:0:0:0:0:0:1] OPENED
[ INFO] 2019-03-09 18:52:32,299 [] [0:0:0:0:0:0:0:1] SENT: 220 Service ready for new user.

[ INFO] 2019-03-09 18:52:32,300 [] [0:0:0:0:0:0:0:1] RECEIVED: USER anonymous
[ INFO] 2019-03-09 18:52:32,301 [anonymous] [0:0:0:0:0:0:0:1] SENT: 331 Guest login okay, send your complete e-mail address as password.

[ INFO] 2019-03-09 18:52:32,301 [anonymous] [0:0:0:0:0:0:0:1] RECEIVED: PASS *****
[ INFO] 2019-03-09 18:52:32,302 [anonymous] [0:0:0:0:0:0:0:1] Anonymous login success - chrome@example.com
[ INFO] 2019-03-09 18:52:32,303 [anonymous] [0:0:0:0:0:0:0:1] SENT: 230 User logged in, proceed.

[ INFO] 2019-03-09 18:52:32,303 [anonymous] [0:0:0:0:0:0:0:1] RECEIVED: SYST
[ INFO] 2019-03-09 18:52:32,303 [anonymous] [0:0:0:0:0:0:0:1] SENT: 215 UNIX Type: Apache FtpServer

[ INFO] 2019-03-09 18:52:32,304 [anonymous] [0:0:0:0:0:0:0:1] RECEIVED: PWD
[ INFO] 2019-03-09 18:52:32,304 [anonymous] [0:0:0:0:0:0:0:1] SENT: 257 "/" is current directory.

[ INFO] 2019-03-09 18:52:32,305 [anonymous] [0:0:0:0:0:0:0:1] RECEIVED: TYPE I
[ INFO] 2019-03-09 18:52:32,305 [anonymous] [0:0:0:0:0:0:0:1] SENT: 200 Command TYPE okay.

[ INFO] 2019-03-09 18:52:32,305 [anonymous] [0:0:0:0:0:0:0:1] RECEIVED: SIZE /texte/bonjour.txt
[ INFO] 2019-03-09 18:52:32,306 [anonymous] [0:0:0:0:0:0:0:1] SENT: 213 24

[ INFO] 2019-03-09 18:52:32,306 [anonymous] [0:0:0:0:0:0:0:1] RECEIVED: CWD /texte/bonjour.txt
[ INFO] 2019-03-09 18:52:32,307 [anonymous] [0:0:0:0:0:0:0:1] SENT: 550 No such directory.

[ INFO] 2019-03-09 18:52:32,307 [anonymous] [0:0:0:0:0:0:0:1] RECEIVED: EPSV
[ INFO] 2019-03-09 18:52:32,307 [anonymous] [0:0:0:0:0:0:0:1] SENT: 229 Entering Passive Mode (|||53189|)

[ INFO] 2019-03-09 18:52:32,308 [anonymous] [0:0:0:0:0:0:0:1] RECEIVED: RETR /texte/bonjour.txt
[ INFO] 2019-03-09 18:52:32,362 [anonymous] [0:0:0:0:0:0:0:1] File downloaded /texte/bonjour.txt
[ WARN] 2019-03-09 18:52:32,362 [anonymous] [0:0:0:0:0:0:0:1] Releasing unreserved passive port: 53189
[ INFO] 2019-03-09 18:52:32,363 [anonymous] [0:0:0:0:0:0:0:1] SENT: 150 File status okay; about to open data connection.

[ INFO] 2019-03-09 18:52:32,363 [anonymous] [0:0:0:0:0:0:0:1] SENT: 226 Transfer complete.

[ INFO] 2019-03-09 18:52:32,363 [anonymous] [0:0:0:0:0:0:0:1] RECEIVED: QUIT
[ INFO] 2019-03-09 18:52:32,364 [anonymous] [0:0:0:0:0:0:0:1] SENT: 221 Goodbye.

[ INFO] 2019-03-09 18:52:32,364 [anonymous] [0:0:0:0:0:0:0:1] CLOSED
[ INFO] 2019-03-09 18:53:05,743 [] [0:0:0:0:0:0:0:1] CREATED
[ INFO] 2019-03-09 18:53:05,744 [] [0:0:0:0:0:0:0:1] OPENED
[ INFO] 2019-03-09 18:53:05,744 [] [0:0:0:0:0:0:0:1] SENT: 220 Service ready for new user.

[ INFO] 2019-03-09 18:53:05,745 [] [0:0:0:0:0:0:0:1] RECEIVED: USER anonymous
[ INFO] 2019-03-09 18:53:05,746 [anonymous] [0:0:0:0:0:0:0:1] SENT: 331 Guest login okay, send your complete e-mail address as password.

[ INFO] 2019-03-09 18:53:05,746 [anonymous] [0:0:0:0:0:0:0:1] RECEIVED: PASS *****
[ INFO] 2019-03-09 18:53:05,747 [anonymous] [0:0:0:0:0:0:0:1] Anonymous login success - chrome@example.com
[ INFO] 2019-03-09 18:53:05,747 [anonymous] [0:0:0:0:0:0:0:1] SENT: 230 User logged in, proceed.

[ INFO] 2019-03-09 18:53:05,747 [anonymous] [0:0:0:0:0:0:0:1] RECEIVED: SYST
[ INFO] 2019-03-09 18:53:05,748 [anonymous] [0:0:0:0:0:0:0:1] SENT: 215 UNIX Type: Apache FtpServer

[ INFO] 2019-03-09 18:53:05,748 [anonymous] [0:0:0:0:0:0:0:1] RECEIVED: PWD
[ INFO] 2019-03-09 18:53:05,749 [anonymous] [0:0:0:0:0:0:0:1] SENT: 257 "/" is current directory.

[ INFO] 2019-03-09 18:53:05,749 [anonymous] [0:0:0:0:0:0:0:1] RECEIVED: TYPE I
[ INFO] 2019-03-09 18:53:05,750 [anonymous] [0:0:0:0:0:0:0:1] SENT: 200 Command TYPE okay.

[ INFO] 2019-03-09 18:53:05,751 [anonymous] [0:0:0:0:0:0:0:1] RECEIVED: SIZE /
[ INFO] 2019-03-09 18:53:05,752 [anonymous] [0:0:0:0:0:0:0:1] SENT: 550 /: Not a plain file.

[ INFO] 2019-03-09 18:53:05,752 [anonymous] [0:0:0:0:0:0:0:1] RECEIVED: CWD /
[ INFO] 2019-03-09 18:53:05,753 [anonymous] [0:0:0:0:0:0:0:1] SENT: 250 Directory changed to /

[ INFO] 2019-03-09 18:53:05,753 [anonymous] [0:0:0:0:0:0:0:1] RECEIVED: EPSV
[ INFO] 2019-03-09 18:53:05,754 [anonymous] [0:0:0:0:0:0:0:1] SENT: 229 Entering Passive Mode (|||53220|)

[ INFO] 2019-03-09 18:53:05,754 [anonymous] [0:0:0:0:0:0:0:1] RECEIVED: LIST -l
[ WARN] 2019-03-09 18:53:05,757 [anonymous] [0:0:0:0:0:0:0:1] Releasing unreserved passive port: 53220
[ INFO] 2019-03-09 18:53:05,757 [anonymous] [0:0:0:0:0:0:0:1] SENT: 150 File status okay; about to open data connection.

[ INFO] 2019-03-09 18:53:05,757 [anonymous] [0:0:0:0:0:0:0:1] SENT: 226 Closing data connection.

[ INFO] 2019-03-09 18:53:05,758 [anonymous] [0:0:0:0:0:0:0:1] RECEIVED: QUIT
[ INFO] 2019-03-09 18:53:05,759 [anonymous] [0:0:0:0:0:0:0:1] SENT: 221 Goodbye.

[ INFO] 2019-03-09 18:53:05,759 [anonymous] [0:0:0:0:0:0:0:1] CLOSED
[ INFO] 2019-03-09 18:53:20,769 [] [0:0:0:0:0:0:0:1] CREATED
[ INFO] 2019-03-09 18:53:20,769 [] [0:0:0:0:0:0:0:1] OPENED
[ INFO] 2019-03-09 18:53:20,770 [] [0:0:0:0:0:0:0:1] SENT: 220 Service ready for new user.

[ INFO] 2019-03-09 18:53:20,770 [] [0:0:0:0:0:0:0:1] RECEIVED: USER anonymous
[ INFO] 2019-03-09 18:53:20,771 [anonymous] [0:0:0:0:0:0:0:1] SENT: 331 Guest login okay, send your complete e-mail address as password.

[ INFO] 2019-03-09 18:53:20,771 [anonymous] [0:0:0:0:0:0:0:1] RECEIVED: PASS *****
[ INFO] 2019-03-09 18:53:20,771 [anonymous] [0:0:0:0:0:0:0:1] Anonymous login success - chrome@example.com
[ INFO] 2019-03-09 18:53:20,772 [anonymous] [0:0:0:0:0:0:0:1] SENT: 230 User logged in, proceed.

[ INFO] 2019-03-09 18:53:20,772 [anonymous] [0:0:0:0:0:0:0:1] RECEIVED: SYST
[ INFO] 2019-03-09 18:53:20,772 [anonymous] [0:0:0:0:0:0:0:1] SENT: 215 UNIX Type: Apache FtpServer

[ INFO] 2019-03-09 18:53:20,772 [anonymous] [0:0:0:0:0:0:0:1] RECEIVED: PWD
[ INFO] 2019-03-09 18:53:20,773 [anonymous] [0:0:0:0:0:0:0:1] SENT: 257 "/" is current directory.

[ INFO] 2019-03-09 18:53:20,773 [anonymous] [0:0:0:0:0:0:0:1] RECEIVED: TYPE I
[ INFO] 2019-03-09 18:53:20,774 [anonymous] [0:0:0:0:0:0:0:1] SENT: 200 Command TYPE okay.

[ INFO] 2019-03-09 18:53:20,774 [anonymous] [0:0:0:0:0:0:0:1] RECEIVED: SIZE /
[ INFO] 2019-03-09 18:53:20,775 [anonymous] [0:0:0:0:0:0:0:1] SENT: 550 /: Not a plain file.

[ INFO] 2019-03-09 18:53:20,775 [anonymous] [0:0:0:0:0:0:0:1] RECEIVED: CWD /
[ INFO] 2019-03-09 18:53:20,777 [anonymous] [0:0:0:0:0:0:0:1] SENT: 250 Directory changed to /

[ INFO] 2019-03-09 18:53:20,777 [anonymous] [0:0:0:0:0:0:0:1] RECEIVED: EPSV
[ INFO] 2019-03-09 18:53:20,778 [anonymous] [0:0:0:0:0:0:0:1] SENT: 229 Entering Passive Mode (|||53237|)

[ INFO] 2019-03-09 18:53:20,778 [anonymous] [0:0:0:0:0:0:0:1] RECEIVED: LIST -l
[ WARN] 2019-03-09 18:53:20,780 [anonymous] [0:0:0:0:0:0:0:1] Releasing unreserved passive port: 53237
[ INFO] 2019-03-09 18:53:20,781 [anonymous] [0:0:0:0:0:0:0:1] SENT: 150 File status okay; about to open data connection.

[ INFO] 2019-03-09 18:53:20,781 [anonymous] [0:0:0:0:0:0:0:1] SENT: 226 Closing data connection.

[ INFO] 2019-03-09 18:53:20,781 [anonymous] [0:0:0:0:0:0:0:1] RECEIVED: QUIT
[ INFO] 2019-03-09 18:53:20,781 [anonymous] [0:0:0:0:0:0:0:1] SENT: 221 Goodbye.

[ INFO] 2019-03-09 18:53:20,781 [anonymous] [0:0:0:0:0:0:0:1] CLOSED
[ INFO] 2019-03-09 19:05:47,388 [] [] Refreshing org.springframework.context.support.FileSystemXmlApplicationContext@10a035a0: display name [org.springframework.context.support.FileSystemXmlApplicationContext@10a035a0]; startup date [Sat Mar 09 19:05:47 CET 2019]; root of context hierarchy
[ INFO] 2019-03-09 19:05:47,426 [] [] Loading XML bean definitions from file [C:\Users\Sacha\git\dut_a2_appref_bri\vendor\apache-ftpserver-1.1.0\res\conf\ftpd-typical.xml]
[ INFO] 2019-03-09 19:05:47,882 [] [] Bean factory for application context [org.springframework.context.support.FileSystemXmlApplicationContext@10a035a0]: org.springframework.beans.factory.support.DefaultListableBeanFactory@6c130c45
[ INFO] 2019-03-09 19:05:47,892 [] [] Pre-instantiating singletons in org.springframework.beans.factory.support.DefaultListableBeanFactory@6c130c45: defining beans [org.apache.ftpserver.listener.ListenerFactory#0,org.apache.ftpserver.usermanager.PropertiesUserManagerFactory#0,org.apache.ftpserver.FtpServerFactory#0,myServer]; root of factory hierarchy
[ INFO] 2019-03-09 19:05:48,042 [] [] FTP server started
[ INFO] 2019-03-13 10:03:52,563 [] [] Refreshing org.springframework.context.support.FileSystemXmlApplicationContext@10a035a0: display name [org.springframework.context.support.FileSystemXmlApplicationContext@10a035a0]; startup date [Wed Mar 13 10:03:52 CET 2019]; root of context hierarchy
[ INFO] 2019-03-13 10:03:52,601 [] [] Loading XML bean definitions from file [C:\Users\Sacha\git\dut_a2_appref_bri\vendor\apache-ftpserver-1.1.0\res\conf\ftpd-typical.xml]
[ INFO] 2019-03-13 10:03:53,104 [] [] Bean factory for application context [org.springframework.context.support.FileSystemXmlApplicationContext@10a035a0]: org.springframework.beans.factory.support.DefaultListableBeanFactory@a2431d0
[ INFO] 2019-03-13 10:03:53,118 [] [] Pre-instantiating singletons in org.springframework.beans.factory.support.DefaultListableBeanFactory@a2431d0: defining beans [org.apache.ftpserver.listener.ListenerFactory#0,org.apache.ftpserver.usermanager.PropertiesUserManagerFactory#0,org.apache.ftpserver.FtpServerFactory#0,myServer]; root of factory hierarchy
[ INFO] 2019-03-13 10:03:53,296 [] [] FTP server started
[ INFO] 2019-03-13 10:04:00,308 [] [0:0:0:0:0:0:0:1] CREATED
[ INFO] 2019-03-13 10:04:00,321 [] [0:0:0:0:0:0:0:1] OPENED
[ INFO] 2019-03-13 10:04:00,334 [] [0:0:0:0:0:0:0:1] SENT: 220 Service ready for new user.

[ INFO] 2019-03-13 10:04:00,335 [] [0:0:0:0:0:0:0:1] RECEIVED: USER anonymous
[ INFO] 2019-03-13 10:04:00,335 [anonymous] [0:0:0:0:0:0:0:1] SENT: 331 Guest login okay, send your complete e-mail address as password.

[ INFO] 2019-03-13 10:04:00,335 [anonymous] [0:0:0:0:0:0:0:1] RECEIVED: PASS *****
[ INFO] 2019-03-13 10:04:00,346 [anonymous] [0:0:0:0:0:0:0:1] Anonymous login success - chrome@example.com
[ INFO] 2019-03-13 10:04:00,346 [anonymous] [0:0:0:0:0:0:0:1] SENT: 230 User logged in, proceed.

[ INFO] 2019-03-13 10:04:00,346 [anonymous] [0:0:0:0:0:0:0:1] RECEIVED: SYST
[ INFO] 2019-03-13 10:04:00,347 [anonymous] [0:0:0:0:0:0:0:1] SENT: 215 UNIX Type: Apache FtpServer

[ INFO] 2019-03-13 10:04:00,350 [anonymous] [0:0:0:0:0:0:0:1] RECEIVED: PWD
[ INFO] 2019-03-13 10:04:00,353 [anonymous] [0:0:0:0:0:0:0:1] SENT: 257 "/" is current directory.

[ INFO] 2019-03-13 10:04:00,353 [anonymous] [0:0:0:0:0:0:0:1] RECEIVED: TYPE I
[ INFO] 2019-03-13 10:04:00,354 [anonymous] [0:0:0:0:0:0:0:1] SENT: 200 Command TYPE okay.

[ INFO] 2019-03-13 10:04:00,354 [anonymous] [0:0:0:0:0:0:0:1] RECEIVED: SIZE /
[ INFO] 2019-03-13 10:04:00,355 [anonymous] [0:0:0:0:0:0:0:1] SENT: 550 /: Not a plain file.

[ INFO] 2019-03-13 10:04:00,355 [anonymous] [0:0:0:0:0:0:0:1] RECEIVED: CWD /
[ INFO] 2019-03-13 10:04:00,357 [anonymous] [0:0:0:0:0:0:0:1] SENT: 250 Directory changed to /

[ INFO] 2019-03-13 10:04:00,357 [anonymous] [0:0:0:0:0:0:0:1] RECEIVED: EPSV
[ INFO] 2019-03-13 10:04:00,361 [anonymous] [0:0:0:0:0:0:0:1] SENT: 229 Entering Passive Mode (|||59654|)

[ INFO] 2019-03-13 10:04:00,361 [anonymous] [0:0:0:0:0:0:0:1] RECEIVED: LIST -l
[ WARN] 2019-03-13 10:04:00,378 [anonymous] [0:0:0:0:0:0:0:1] Releasing unreserved passive port: 59654
[ INFO] 2019-03-13 10:04:00,379 [anonymous] [0:0:0:0:0:0:0:1] SENT: 150 File status okay; about to open data connection.

[ INFO] 2019-03-13 10:04:00,380 [anonymous] [0:0:0:0:0:0:0:1] CLOSED
[ INFO] 2019-03-13 10:06:30,924 [] [127.0.0.1] CREATED
[ INFO] 2019-03-13 10:06:30,925 [] [127.0.0.1] OPENED
[ INFO] 2019-03-13 10:06:30,925 [] [127.0.0.1] SENT: 220 Service ready for new user.

[ INFO] 2019-03-13 10:06:30,929 [] [127.0.0.1] RECEIVED: USER anonymous
[ INFO] 2019-03-13 10:06:30,930 [anonymous] [127.0.0.1] SENT: 331 Guest login okay, send your complete e-mail address as password.

[ INFO] 2019-03-13 10:06:30,930 [anonymous] [127.0.0.1] RECEIVED: PASS *****
[ INFO] 2019-03-13 10:06:30,930 [anonymous] [127.0.0.1] Anonymous login success - Java11.0.2-redhat@
[ INFO] 2019-03-13 10:06:30,930 [anonymous] [127.0.0.1] SENT: 230 User logged in, proceed.

[ INFO] 2019-03-13 10:06:30,930 [anonymous] [127.0.0.1] RECEIVED: TYPE A
[ INFO] 2019-03-13 10:06:30,934 [anonymous] [127.0.0.1] SENT: 200 Command TYPE okay.

[ INFO] 2019-03-13 10:06:30,934 [anonymous] [127.0.0.1] RECEIVED: CWD .
[ INFO] 2019-03-13 10:06:30,935 [anonymous] [127.0.0.1] SENT: 250 Directory changed to /

[ INFO] 2019-03-13 10:06:30,936 [anonymous] [127.0.0.1] RECEIVED: EPSV ALL
[ INFO] 2019-03-13 10:06:30,936 [anonymous] [127.0.0.1] SENT: 229 Entering Passive Mode (|||59662|)

[ INFO] 2019-03-13 10:06:30,936 [anonymous] [127.0.0.1] RECEIVED: EPSV
[ WARN] 2019-03-13 10:06:30,936 [anonymous] [127.0.0.1] Releasing unreserved passive port: 59662
[ INFO] 2019-03-13 10:06:30,936 [anonymous] [127.0.0.1] SENT: 229 Entering Passive Mode (|||59663|)

[ INFO] 2019-03-13 10:06:30,944 [anonymous] [127.0.0.1] RECEIVED: LIST
[ WARN] 2019-03-13 10:06:30,948 [anonymous] [127.0.0.1] Releasing unreserved passive port: 59663
[ INFO] 2019-03-13 10:06:30,948 [anonymous] [127.0.0.1] SENT: 150 File status okay; about to open data connection.

[ INFO] 2019-03-13 10:06:30,948 [anonymous] [127.0.0.1] SENT: 226 Closing data connection.

[ INFO] 2019-03-13 10:06:31,244 [anonymous] [127.0.0.1] RECEIVED: QUIT
[ INFO] 2019-03-13 10:06:31,246 [anonymous] [127.0.0.1] SENT: 221 Goodbye.

[ INFO] 2019-03-13 10:06:31,246 [anonymous] [127.0.0.1] CLOSED
[ INFO] 2019-03-13 13:07:40,612 [] [127.0.0.1] CREATED
[ INFO] 2019-03-13 13:07:40,634 [] [127.0.0.1] OPENED
[ INFO] 2019-03-13 13:07:40,635 [] [127.0.0.1] SENT: 220 Service ready for new user.

[ INFO] 2019-03-13 13:07:40,649 [] [127.0.0.1] RECEIVED: USER anonymous
[ INFO] 2019-03-13 13:07:40,649 [anonymous] [127.0.0.1] SENT: 331 Guest login okay, send your complete e-mail address as password.

[ INFO] 2019-03-13 13:07:40,649 [anonymous] [127.0.0.1] RECEIVED: PASS *****
[ INFO] 2019-03-13 13:07:40,649 [anonymous] [127.0.0.1] Anonymous login success - Java11.0.2-redhat@
[ INFO] 2019-03-13 13:07:40,655 [anonymous] [127.0.0.1] SENT: 230 User logged in, proceed.

[ INFO] 2019-03-13 13:07:40,655 [anonymous] [127.0.0.1] RECEIVED: TYPE I
[ INFO] 2019-03-13 13:07:40,657 [anonymous] [127.0.0.1] SENT: 200 Command TYPE okay.

[ INFO] 2019-03-13 13:07:40,657 [anonymous] [127.0.0.1] RECEIVED: CWD test
[ INFO] 2019-03-13 13:07:40,658 [anonymous] [127.0.0.1] SENT: 550 No such directory.

[ INFO] 2019-03-13 13:07:40,661 [anonymous] [127.0.0.1] RECEIVED: QUIT
[ INFO] 2019-03-13 13:07:40,664 [anonymous] [127.0.0.1] SENT: 221 Goodbye.

[ INFO] 2019-03-13 13:07:40,665 [anonymous] [127.0.0.1] CLOSED
[ INFO] 2019-03-13 13:08:10,870 [] [127.0.0.1] CREATED
[ INFO] 2019-03-13 13:08:10,870 [] [127.0.0.1] OPENED
[ INFO] 2019-03-13 13:08:10,870 [] [127.0.0.1] SENT: 220 Service ready for new user.

[ INFO] 2019-03-13 13:08:10,870 [] [127.0.0.1] RECEIVED: USER anonymous
[ INFO] 2019-03-13 13:08:10,875 [anonymous] [127.0.0.1] SENT: 331 Guest login okay, send your complete e-mail address as password.

[ INFO] 2019-03-13 13:08:10,875 [anonymous] [127.0.0.1] RECEIVED: PASS *****
[ INFO] 2019-03-13 13:08:10,877 [anonymous] [127.0.0.1] Anonymous login success - Java11.0.2-redhat@
[ INFO] 2019-03-13 13:08:10,877 [anonymous] [127.0.0.1] SENT: 230 User logged in, proceed.

[ INFO] 2019-03-13 13:08:10,877 [anonymous] [127.0.0.1] RECEIVED: TYPE I
[ INFO] 2019-03-13 13:08:10,878 [anonymous] [127.0.0.1] SENT: 200 Command TYPE okay.

[ INFO] 2019-03-13 13:08:10,878 [anonymous] [127.0.0.1] RECEIVED: CWD test
[ INFO] 2019-03-13 13:08:10,879 [anonymous] [127.0.0.1] SENT: 550 No such directory.

[ INFO] 2019-03-13 13:08:10,879 [anonymous] [127.0.0.1] RECEIVED: QUIT
[ INFO] 2019-03-13 13:08:10,882 [anonymous] [127.0.0.1] SENT: 221 Goodbye.

[ INFO] 2019-03-13 13:08:10,882 [anonymous] [127.0.0.1] CLOSED
[ INFO] 2019-03-16 14:05:05,381 [] [] Refreshing org.springframework.context.support.FileSystemXmlApplicationContext@10a035a0: display name [org.springframework.context.support.FileSystemXmlApplicationContext@10a035a0]; startup date [Sat Mar 16 14:05:05 CET 2019]; root of context hierarchy
[ INFO] 2019-03-16 14:05:05,426 [] [] Loading XML bean definitions from file [D:\git_projects\dut_a2_appref_bri\vendor\apache-ftpserver-1.1.0\res\conf\ftpd-typical.xml]
[ INFO] 2019-03-16 14:05:05,976 [] [] Bean factory for application context [org.springframework.context.support.FileSystemXmlApplicationContext@10a035a0]: org.springframework.beans.factory.support.DefaultListableBeanFactory@4e096385
[ INFO] 2019-03-16 14:05:05,987 [] [] Pre-instantiating singletons in org.springframework.beans.factory.support.DefaultListableBeanFactory@4e096385: defining beans [org.apache.ftpserver.listener.ListenerFactory#0,org.apache.ftpserver.usermanager.PropertiesUserManagerFactory#0,org.apache.ftpserver.FtpServerFactory#0,myServer]; root of factory hierarchy
[ INFO] 2019-03-16 14:05:06,178 [] [] FTP server started
[ INFO] 2019-03-16 14:06:40,196 [] [0:0:0:0:0:0:0:1] CREATED
[ INFO] 2019-03-16 14:06:40,196 [] [0:0:0:0:0:0:0:1] CREATED
[ INFO] 2019-03-16 14:06:40,205 [] [0:0:0:0:0:0:0:1] OPENED
[ INFO] 2019-03-16 14:06:40,212 [] [0:0:0:0:0:0:0:1] OPENED
[ INFO] 2019-03-16 14:06:40,214 [] [0:0:0:0:0:0:0:1] SENT: 220 Service ready for new user.

[ INFO] 2019-03-16 14:06:40,215 [] [0:0:0:0:0:0:0:1] RECEIVED: GET / HTTP/1.1
[ INFO] 2019-03-16 14:06:40,215 [] [0:0:0:0:0:0:0:1] RECEIVED: Host: localhost:2121
[ INFO] 2019-03-16 14:06:40,216 [] [0:0:0:0:0:0:0:1] RECEIVED: Connection: keep-alive
[ INFO] 2019-03-16 14:06:40,216 [] [0:0:0:0:0:0:0:1] RECEIVED: Upgrade-Insecure-Requests: 1
[ INFO] 2019-03-16 14:06:40,221 [] [0:0:0:0:0:0:0:1] RECEIVED: User-Agent: Mozilla/5.0 (Windows NT 10.0; Win64; x64) AppleWebKit/537.36 (KHTML, like Gecko) Chrome/72.0.3626.121 Safari/537.36
[ INFO] 2019-03-16 14:06:40,221 [] [0:0:0:0:0:0:0:1] RECEIVED: Accept: text/html,application/xhtml+xml,application/xml;q=0.9,image/webp,image/apng,*/*;q=0.8
[ INFO] 2019-03-16 14:06:40,222 [] [0:0:0:0:0:0:0:1] RECEIVED: Accept-Encoding: gzip, deflate, br
[ INFO] 2019-03-16 14:06:40,223 [] [0:0:0:0:0:0:0:1] RECEIVED: Accept-Language: fr,fr-FR;q=0.9
[ INFO] 2019-03-16 14:06:40,223 [] [0:0:0:0:0:0:0:1] RECEIVED: Cookie: psi_template=cleansyn
[ INFO] 2019-03-16 14:06:40,223 [] [0:0:0:0:0:0:0:1] RECEIVED: 
[ INFO] 2019-03-16 14:06:40,223 [] [0:0:0:0:0:0:0:1] SENT: 220 Service ready for new user.

[ INFO] 2019-03-16 14:06:40,224 [] [0:0:0:0:0:0:0:1] CLOSED
[ INFO] 2019-03-16 14:06:42,377 [] [0:0:0:0:0:0:0:1] CREATED
[ INFO] 2019-03-16 14:06:42,377 [] [0:0:0:0:0:0:0:1] OPENED
[ INFO] 2019-03-16 14:06:42,378 [] [0:0:0:0:0:0:0:1] SENT: 220 Service ready for new user.

[ INFO] 2019-03-16 14:06:42,405 [] [0:0:0:0:0:0:0:1] RECEIVED: GET / HTTP/1.1
[ INFO] 2019-03-16 14:06:42,406 [] [0:0:0:0:0:0:0:1] RECEIVED: Host: localhost:2121
[ INFO] 2019-03-16 14:06:42,406 [] [0:0:0:0:0:0:0:1] RECEIVED: Connection: keep-alive
[ INFO] 2019-03-16 14:06:42,406 [] [0:0:0:0:0:0:0:1] RECEIVED: Cache-Control: max-age=0
[ INFO] 2019-03-16 14:06:42,407 [] [0:0:0:0:0:0:0:1] RECEIVED: Upgrade-Insecure-Requests: 1
[ INFO] 2019-03-16 14:06:42,407 [] [0:0:0:0:0:0:0:1] RECEIVED: User-Agent: Mozilla/5.0 (Windows NT 10.0; Win64; x64) AppleWebKit/537.36 (KHTML, like Gecko) Chrome/72.0.3626.121 Safari/537.36
[ INFO] 2019-03-16 14:06:42,407 [] [0:0:0:0:0:0:0:1] RECEIVED: Accept: text/html,application/xhtml+xml,application/xml;q=0.9,image/webp,image/apng,*/*;q=0.8
[ INFO] 2019-03-16 14:06:42,408 [] [0:0:0:0:0:0:0:1] RECEIVED: Accept-Encoding: gzip, deflate, br
[ INFO] 2019-03-16 14:06:42,413 [] [0:0:0:0:0:0:0:1] RECEIVED: Accept-Language: fr,fr-FR;q=0.9
[ INFO] 2019-03-16 14:06:42,413 [] [0:0:0:0:0:0:0:1] RECEIVED: Cookie: psi_template=cleansyn
[ INFO] 2019-03-16 14:06:42,413 [] [0:0:0:0:0:0:0:1] RECEIVED: 
[ INFO] 2019-03-16 14:06:42,413 [] [0:0:0:0:0:0:0:1] CLOSED
[ INFO] 2019-03-16 14:06:58,445 [] [0:0:0:0:0:0:0:1] CLOSED
[ INFO] 2019-03-16 14:07:13,866 [] [0:0:0:0:0:0:0:1] CREATED
[ INFO] 2019-03-16 14:07:13,866 [] [0:0:0:0:0:0:0:1] OPENED
[ INFO] 2019-03-16 14:07:13,868 [] [0:0:0:0:0:0:0:1] SENT: 220 Service ready for new user.

[ INFO] 2019-03-16 14:07:13,868 [] [0:0:0:0:0:0:0:1] RECEIVED: USER anonymous
[ INFO] 2019-03-16 14:07:13,871 [anonymous] [0:0:0:0:0:0:0:1] SENT: 331 Guest login okay, send your complete e-mail address as password.

[ INFO] 2019-03-16 14:07:13,872 [anonymous] [0:0:0:0:0:0:0:1] RECEIVED: PASS *****
[ INFO] 2019-03-16 14:07:13,877 [anonymous] [0:0:0:0:0:0:0:1] Anonymous login success - chrome@example.com
[ INFO] 2019-03-16 14:07:13,877 [anonymous] [0:0:0:0:0:0:0:1] SENT: 230 User logged in, proceed.

[ INFO] 2019-03-16 14:07:13,877 [anonymous] [0:0:0:0:0:0:0:1] RECEIVED: SYST
[ INFO] 2019-03-16 14:07:13,878 [anonymous] [0:0:0:0:0:0:0:1] SENT: 215 UNIX Type: Apache FtpServer

[ INFO] 2019-03-16 14:07:13,878 [anonymous] [0:0:0:0:0:0:0:1] RECEIVED: PWD
[ INFO] 2019-03-16 14:07:13,880 [anonymous] [0:0:0:0:0:0:0:1] SENT: 257 "/" is current directory.

[ INFO] 2019-03-16 14:07:13,880 [anonymous] [0:0:0:0:0:0:0:1] RECEIVED: TYPE I
[ INFO] 2019-03-16 14:07:13,881 [anonymous] [0:0:0:0:0:0:0:1] SENT: 200 Command TYPE okay.

[ INFO] 2019-03-16 14:07:13,881 [anonymous] [0:0:0:0:0:0:0:1] RECEIVED: SIZE /
[ INFO] 2019-03-16 14:07:13,882 [anonymous] [0:0:0:0:0:0:0:1] SENT: 550 /: Not a plain file.

[ INFO] 2019-03-16 14:07:13,882 [anonymous] [0:0:0:0:0:0:0:1] RECEIVED: CWD /
[ INFO] 2019-03-16 14:07:13,884 [anonymous] [0:0:0:0:0:0:0:1] SENT: 250 Directory changed to /

[ INFO] 2019-03-16 14:07:13,884 [anonymous] [0:0:0:0:0:0:0:1] RECEIVED: EPSV
[ INFO] 2019-03-16 14:07:13,886 [anonymous] [0:0:0:0:0:0:0:1] SENT: 229 Entering Passive Mode (|||57218|)

[ INFO] 2019-03-16 14:07:13,887 [anonymous] [0:0:0:0:0:0:0:1] RECEIVED: LIST -l
[ WARN] 2019-03-16 14:07:13,893 [anonymous] [0:0:0:0:0:0:0:1] Releasing unreserved passive port: 57218
[ INFO] 2019-03-16 14:07:13,893 [anonymous] [0:0:0:0:0:0:0:1] SENT: 150 File status okay; about to open data connection.

[ INFO] 2019-03-16 14:07:13,893 [anonymous] [0:0:0:0:0:0:0:1] CLOSED
[ INFO] 2019-03-16 14:07:44,911 [] [127.0.0.1] CREATED
[ INFO] 2019-03-16 14:07:44,911 [] [127.0.0.1] OPENED
[ INFO] 2019-03-16 14:07:44,912 [] [127.0.0.1] SENT: 220 Service ready for new user.

[ INFO] 2019-03-16 14:07:44,914 [] [127.0.0.1] RECEIVED: USER anonymous
[ INFO] 2019-03-16 14:07:44,914 [anonymous] [127.0.0.1] SENT: 331 Guest login okay, send your complete e-mail address as password.

[ INFO] 2019-03-16 14:07:44,914 [anonymous] [127.0.0.1] RECEIVED: PASS *****
[ INFO] 2019-03-16 14:07:44,914 [anonymous] [127.0.0.1] Anonymous login success - Java11.0.2-redhat@
[ INFO] 2019-03-16 14:07:44,915 [anonymous] [127.0.0.1] SENT: 230 User logged in, proceed.

[ INFO] 2019-03-16 14:07:44,915 [anonymous] [127.0.0.1] RECEIVED: TYPE I
[ INFO] 2019-03-16 14:07:44,915 [anonymous] [127.0.0.1] SENT: 200 Command TYPE okay.

[ INFO] 2019-03-16 14:07:44,915 [anonymous] [127.0.0.1] RECEIVED: CWD test
[ INFO] 2019-03-16 14:07:44,916 [anonymous] [127.0.0.1] SENT: 550 No such directory.

[ INFO] 2019-03-16 14:07:44,916 [anonymous] [127.0.0.1] RECEIVED: QUIT
[ INFO] 2019-03-16 14:07:44,916 [anonymous] [127.0.0.1] SENT: 221 Goodbye.

[ INFO] 2019-03-16 14:07:44,917 [anonymous] [127.0.0.1] CLOSED
[ INFO] 2019-03-16 16:59:38,545 [] [0:0:0:0:0:0:0:1] CREATED
[ INFO] 2019-03-16 16:59:38,547 [] [0:0:0:0:0:0:0:1] OPENED
[ INFO] 2019-03-16 16:59:38,548 [] [0:0:0:0:0:0:0:1] SENT: 220 Service ready for new user.

[ INFO] 2019-03-16 16:59:38,549 [] [0:0:0:0:0:0:0:1] RECEIVED: USER anonymous
[ INFO] 2019-03-16 16:59:38,549 [anonymous] [0:0:0:0:0:0:0:1] SENT: 331 Guest login okay, send your complete e-mail address as password.

[ INFO] 2019-03-16 16:59:38,549 [anonymous] [0:0:0:0:0:0:0:1] RECEIVED: PASS *****
[ INFO] 2019-03-16 16:59:38,550 [anonymous] [0:0:0:0:0:0:0:1] Anonymous login success - chrome@example.com
[ INFO] 2019-03-16 16:59:38,550 [anonymous] [0:0:0:0:0:0:0:1] SENT: 230 User logged in, proceed.

[ INFO] 2019-03-16 16:59:38,550 [anonymous] [0:0:0:0:0:0:0:1] RECEIVED: SYST
[ INFO] 2019-03-16 16:59:38,550 [anonymous] [0:0:0:0:0:0:0:1] SENT: 215 UNIX Type: Apache FtpServer

[ INFO] 2019-03-16 16:59:38,550 [anonymous] [0:0:0:0:0:0:0:1] RECEIVED: PWD
[ INFO] 2019-03-16 16:59:38,551 [anonymous] [0:0:0:0:0:0:0:1] SENT: 257 "/" is current directory.

[ INFO] 2019-03-16 16:59:38,551 [anonymous] [0:0:0:0:0:0:0:1] RECEIVED: TYPE I
[ INFO] 2019-03-16 16:59:38,551 [anonymous] [0:0:0:0:0:0:0:1] SENT: 200 Command TYPE okay.

[ INFO] 2019-03-16 16:59:38,551 [anonymous] [0:0:0:0:0:0:0:1] RECEIVED: SIZE /
[ INFO] 2019-03-16 16:59:38,552 [anonymous] [0:0:0:0:0:0:0:1] SENT: 550 /: Not a plain file.

[ INFO] 2019-03-16 16:59:38,552 [anonymous] [0:0:0:0:0:0:0:1] RECEIVED: CWD /
[ INFO] 2019-03-16 16:59:38,552 [anonymous] [0:0:0:0:0:0:0:1] SENT: 250 Directory changed to /

[ INFO] 2019-03-16 16:59:38,552 [anonymous] [0:0:0:0:0:0:0:1] RECEIVED: EPSV
[ INFO] 2019-03-16 16:59:38,553 [anonymous] [0:0:0:0:0:0:0:1] SENT: 229 Entering Passive Mode (|||58105|)

[ INFO] 2019-03-16 16:59:38,553 [anonymous] [0:0:0:0:0:0:0:1] RECEIVED: LIST -l
[ WARN] 2019-03-16 16:59:38,555 [anonymous] [0:0:0:0:0:0:0:1] Releasing unreserved passive port: 58105
[ INFO] 2019-03-16 16:59:38,555 [anonymous] [0:0:0:0:0:0:0:1] SENT: 150 File status okay; about to open data connection.

[ INFO] 2019-03-16 16:59:38,555 [anonymous] [0:0:0:0:0:0:0:1] SENT: 226 Closing data connection.

[ INFO] 2019-03-16 16:59:38,556 [anonymous] [0:0:0:0:0:0:0:1] RECEIVED: QUIT
[ INFO] 2019-03-16 16:59:38,556 [anonymous] [0:0:0:0:0:0:0:1] SENT: 221 Goodbye.

[ INFO] 2019-03-16 16:59:38,556 [anonymous] [0:0:0:0:0:0:0:1] CLOSED
[ INFO] 2019-03-16 17:02:09,831 [] [127.0.0.1] CREATED
[ INFO] 2019-03-16 17:02:09,831 [] [127.0.0.1] OPENED
[ INFO] 2019-03-16 17:02:09,832 [] [127.0.0.1] SENT: 220 Service ready for new user.

[ INFO] 2019-03-16 17:02:09,833 [] [127.0.0.1] RECEIVED: USER anonymous
[ INFO] 2019-03-16 17:02:09,834 [anonymous] [127.0.0.1] SENT: 331 Guest login okay, send your complete e-mail address as password.

[ INFO] 2019-03-16 17:02:09,834 [anonymous] [127.0.0.1] RECEIVED: PASS *****
[ INFO] 2019-03-16 17:02:09,834 [anonymous] [127.0.0.1] Anonymous login success - Java11.0.2-redhat@
[ INFO] 2019-03-16 17:02:09,835 [anonymous] [127.0.0.1] SENT: 230 User logged in, proceed.

[ INFO] 2019-03-16 17:02:09,835 [anonymous] [127.0.0.1] RECEIVED: TYPE I
[ INFO] 2019-03-16 17:02:09,835 [anonymous] [127.0.0.1] SENT: 200 Command TYPE okay.

[ INFO] 2019-03-16 17:02:09,835 [anonymous] [127.0.0.1] RECEIVED: CWD test
[ INFO] 2019-03-16 17:02:09,836 [anonymous] [127.0.0.1] SENT: 550 No such directory.

[ INFO] 2019-03-16 17:02:09,836 [anonymous] [127.0.0.1] RECEIVED: QUIT
[ INFO] 2019-03-16 17:02:09,837 [anonymous] [127.0.0.1] SENT: 221 Goodbye.

[ INFO] 2019-03-16 17:02:09,837 [anonymous] [127.0.0.1] CLOSED
[ INFO] 2019-03-16 17:13:32,570 [] [127.0.0.1] CREATED
[ INFO] 2019-03-16 17:13:32,570 [] [127.0.0.1] OPENED
[ INFO] 2019-03-16 17:13:32,571 [] [127.0.0.1] SENT: 220 Service ready for new user.

[ INFO] 2019-03-16 17:13:32,571 [] [127.0.0.1] RECEIVED: USER anonymous
[ INFO] 2019-03-16 17:13:32,572 [anonymous] [127.0.0.1] SENT: 331 Guest login okay, send your complete e-mail address as password.

[ INFO] 2019-03-16 17:13:32,572 [anonymous] [127.0.0.1] RECEIVED: PASS *****
[ INFO] 2019-03-16 17:13:32,572 [anonymous] [127.0.0.1] Anonymous login success - Java11.0.2-redhat@
[ INFO] 2019-03-16 17:13:32,572 [anonymous] [127.0.0.1] SENT: 230 User logged in, proceed.

[ INFO] 2019-03-16 17:13:32,573 [anonymous] [127.0.0.1] RECEIVED: TYPE I
[ INFO] 2019-03-16 17:13:32,573 [anonymous] [127.0.0.1] SENT: 200 Command TYPE okay.

[ INFO] 2019-03-16 17:13:32,573 [anonymous] [127.0.0.1] RECEIVED: CWD test
[ INFO] 2019-03-16 17:13:32,574 [anonymous] [127.0.0.1] SENT: 550 No such directory.

[ INFO] 2019-03-16 17:13:32,574 [anonymous] [127.0.0.1] RECEIVED: QUIT
[ INFO] 2019-03-16 17:13:32,575 [anonymous] [127.0.0.1] SENT: 221 Goodbye.

[ INFO] 2019-03-16 17:13:32,575 [anonymous] [127.0.0.1] CLOSED
[ INFO] 2019-03-16 17:17:11,464 [] [127.0.0.1] CREATED
[ INFO] 2019-03-16 17:17:11,465 [] [127.0.0.1] OPENED
[ INFO] 2019-03-16 17:17:11,465 [] [127.0.0.1] SENT: 220 Service ready for new user.

[ INFO] 2019-03-16 17:17:11,467 [] [127.0.0.1] RECEIVED: USER anonymous
[ INFO] 2019-03-16 17:17:11,467 [anonymous] [127.0.0.1] SENT: 331 Guest login okay, send your complete e-mail address as password.

[ INFO] 2019-03-16 17:17:11,467 [anonymous] [127.0.0.1] RECEIVED: PASS *****
[ INFO] 2019-03-16 17:17:11,467 [anonymous] [127.0.0.1] Anonymous login success - Java11.0.2-redhat@
[ INFO] 2019-03-16 17:17:11,467 [anonymous] [127.0.0.1] SENT: 230 User logged in, proceed.

[ INFO] 2019-03-16 17:17:11,468 [anonymous] [127.0.0.1] RECEIVED: TYPE I
[ INFO] 2019-03-16 17:17:11,468 [anonymous] [127.0.0.1] SENT: 200 Command TYPE okay.

[ INFO] 2019-03-16 17:17:11,468 [anonymous] [127.0.0.1] RECEIVED: CWD test
[ INFO] 2019-03-16 17:17:11,469 [anonymous] [127.0.0.1] SENT: 550 No such directory.

[ INFO] 2019-03-16 17:17:11,469 [anonymous] [127.0.0.1] RECEIVED: QUIT
[ INFO] 2019-03-16 17:17:11,470 [anonymous] [127.0.0.1] SENT: 221 Goodbye.

[ INFO] 2019-03-16 17:17:11,470 [anonymous] [127.0.0.1] CLOSED
[ INFO] 2019-03-16 18:13:15,605 [] [0:0:0:0:0:0:0:1] CREATED
[ INFO] 2019-03-16 18:13:15,608 [] [0:0:0:0:0:0:0:1] OPENED
[ INFO] 2019-03-16 18:13:15,609 [] [0:0:0:0:0:0:0:1] SENT: 220 Service ready for new user.

[ INFO] 2019-03-16 18:13:15,609 [] [0:0:0:0:0:0:0:1] RECEIVED: USER anonymous
[ INFO] 2019-03-16 18:13:15,610 [anonymous] [0:0:0:0:0:0:0:1] SENT: 331 Guest login okay, send your complete e-mail address as password.

[ INFO] 2019-03-16 18:13:15,610 [anonymous] [0:0:0:0:0:0:0:1] RECEIVED: PASS *****
[ INFO] 2019-03-16 18:13:15,610 [anonymous] [0:0:0:0:0:0:0:1] Anonymous login success - chrome@example.com
[ INFO] 2019-03-16 18:13:15,611 [anonymous] [0:0:0:0:0:0:0:1] SENT: 230 User logged in, proceed.

[ INFO] 2019-03-16 18:13:15,611 [anonymous] [0:0:0:0:0:0:0:1] RECEIVED: SYST
[ INFO] 2019-03-16 18:13:15,612 [anonymous] [0:0:0:0:0:0:0:1] SENT: 215 UNIX Type: Apache FtpServer

[ INFO] 2019-03-16 18:13:15,612 [anonymous] [0:0:0:0:0:0:0:1] RECEIVED: PWD
[ INFO] 2019-03-16 18:13:15,612 [anonymous] [0:0:0:0:0:0:0:1] SENT: 257 "/" is current directory.

[ INFO] 2019-03-16 18:13:15,612 [anonymous] [0:0:0:0:0:0:0:1] RECEIVED: TYPE I
[ INFO] 2019-03-16 18:13:15,613 [anonymous] [0:0:0:0:0:0:0:1] SENT: 200 Command TYPE okay.

[ INFO] 2019-03-16 18:13:15,613 [anonymous] [0:0:0:0:0:0:0:1] RECEIVED: SIZE /
[ INFO] 2019-03-16 18:13:15,613 [anonymous] [0:0:0:0:0:0:0:1] SENT: 550 /: Not a plain file.

[ INFO] 2019-03-16 18:13:15,613 [anonymous] [0:0:0:0:0:0:0:1] RECEIVED: CWD /
[ INFO] 2019-03-16 18:13:15,614 [anonymous] [0:0:0:0:0:0:0:1] SENT: 250 Directory changed to /

[ INFO] 2019-03-16 18:13:15,614 [anonymous] [0:0:0:0:0:0:0:1] RECEIVED: EPSV
[ INFO] 2019-03-16 18:13:15,616 [anonymous] [0:0:0:0:0:0:0:1] SENT: 229 Entering Passive Mode (|||58959|)

[ INFO] 2019-03-16 18:13:15,616 [anonymous] [0:0:0:0:0:0:0:1] RECEIVED: LIST -l
[ WARN] 2019-03-16 18:13:15,619 [anonymous] [0:0:0:0:0:0:0:1] Releasing unreserved passive port: 58959
[ INFO] 2019-03-16 18:13:15,619 [anonymous] [0:0:0:0:0:0:0:1] SENT: 150 File status okay; about to open data connection.

[ INFO] 2019-03-16 18:13:15,619 [anonymous] [0:0:0:0:0:0:0:1] SENT: 226 Closing data connection.

[ INFO] 2019-03-16 18:13:15,620 [anonymous] [0:0:0:0:0:0:0:1] CLOSED
[ INFO] 2019-03-16 18:13:16,839 [] [0:0:0:0:0:0:0:1] CREATED
[ INFO] 2019-03-16 18:13:16,839 [] [0:0:0:0:0:0:0:1] OPENED
[ INFO] 2019-03-16 18:13:16,840 [] [0:0:0:0:0:0:0:1] SENT: 220 Service ready for new user.

[ INFO] 2019-03-16 18:13:16,840 [] [0:0:0:0:0:0:0:1] RECEIVED: USER anonymous
[ INFO] 2019-03-16 18:13:16,841 [anonymous] [0:0:0:0:0:0:0:1] SENT: 331 Guest login okay, send your complete e-mail address as password.

[ INFO] 2019-03-16 18:13:16,841 [anonymous] [0:0:0:0:0:0:0:1] RECEIVED: PASS *****
[ INFO] 2019-03-16 18:13:16,842 [anonymous] [0:0:0:0:0:0:0:1] Anonymous login success - chrome@example.com
[ INFO] 2019-03-16 18:13:16,842 [anonymous] [0:0:0:0:0:0:0:1] SENT: 230 User logged in, proceed.

[ INFO] 2019-03-16 18:13:16,842 [anonymous] [0:0:0:0:0:0:0:1] RECEIVED: SYST
[ INFO] 2019-03-16 18:13:16,842 [anonymous] [0:0:0:0:0:0:0:1] SENT: 215 UNIX Type: Apache FtpServer

[ INFO] 2019-03-16 18:13:16,842 [anonymous] [0:0:0:0:0:0:0:1] RECEIVED: PWD
[ INFO] 2019-03-16 18:13:16,843 [anonymous] [0:0:0:0:0:0:0:1] SENT: 257 "/" is current directory.

[ INFO] 2019-03-16 18:13:16,843 [anonymous] [0:0:0:0:0:0:0:1] RECEIVED: TYPE I
[ INFO] 2019-03-16 18:13:16,843 [anonymous] [0:0:0:0:0:0:0:1] SENT: 200 Command TYPE okay.

[ INFO] 2019-03-16 18:13:16,843 [anonymous] [0:0:0:0:0:0:0:1] RECEIVED: SIZE /
[ INFO] 2019-03-16 18:13:16,843 [anonymous] [0:0:0:0:0:0:0:1] SENT: 550 /: Not a plain file.

[ INFO] 2019-03-16 18:13:16,843 [anonymous] [0:0:0:0:0:0:0:1] RECEIVED: CWD /
[ INFO] 2019-03-16 18:13:16,844 [anonymous] [0:0:0:0:0:0:0:1] SENT: 250 Directory changed to /

[ INFO] 2019-03-16 18:13:16,844 [anonymous] [0:0:0:0:0:0:0:1] RECEIVED: EPSV
[ INFO] 2019-03-16 18:13:16,845 [anonymous] [0:0:0:0:0:0:0:1] SENT: 229 Entering Passive Mode (|||58962|)

[ INFO] 2019-03-16 18:13:16,845 [anonymous] [0:0:0:0:0:0:0:1] RECEIVED: LIST -l
[ WARN] 2019-03-16 18:13:16,847 [anonymous] [0:0:0:0:0:0:0:1] Releasing unreserved passive port: 58962
[ INFO] 2019-03-16 18:13:16,847 [anonymous] [0:0:0:0:0:0:0:1] SENT: 150 File status okay; about to open data connection.

[ INFO] 2019-03-16 18:13:16,847 [anonymous] [0:0:0:0:0:0:0:1] SENT: 226 Closing data connection.

[ WARN] 2019-03-16 18:13:16,855 [anonymous] [0:0:0:0:0:0:0:1] EXCEPTION :
java.io.IOException: Une connexion établie a été abandonnée par un logiciel de votre ordinateur hôte
	at java.base/sun.nio.ch.SocketDispatcher.read0(Native Method)
	at java.base/sun.nio.ch.SocketDispatcher.read(SocketDispatcher.java:43)
	at java.base/sun.nio.ch.IOUtil.readIntoNativeBuffer(IOUtil.java:276)
	at java.base/sun.nio.ch.IOUtil.read(IOUtil.java:245)
	at java.base/sun.nio.ch.IOUtil.read(IOUtil.java:223)
	at java.base/sun.nio.ch.SocketChannelImpl.read(SocketChannelImpl.java:358)
	at org.apache.mina.transport.socket.nio.NioProcessor.read(NioProcessor.java:317)
	at org.apache.mina.transport.socket.nio.NioProcessor.read(NioProcessor.java:45)
	at org.apache.mina.core.polling.AbstractPollingIoProcessor.read(AbstractPollingIoProcessor.java:683)
	at org.apache.mina.core.polling.AbstractPollingIoProcessor.process(AbstractPollingIoProcessor.java:659)
	at org.apache.mina.core.polling.AbstractPollingIoProcessor.process(AbstractPollingIoProcessor.java:648)
	at org.apache.mina.core.polling.AbstractPollingIoProcessor.access$600(AbstractPollingIoProcessor.java:68)
	at org.apache.mina.core.polling.AbstractPollingIoProcessor$Processor.run(AbstractPollingIoProcessor.java:1120)
	at org.apache.mina.util.NamePreservingRunnable.run(NamePreservingRunnable.java:64)
	at java.base/java.util.concurrent.ThreadPoolExecutor.runWorker(ThreadPoolExecutor.java:1128)
	at java.base/java.util.concurrent.ThreadPoolExecutor$Worker.run(ThreadPoolExecutor.java:628)
	at java.base/java.lang.Thread.run(Thread.java:834)
[ERROR] 2019-03-16 18:13:16,865 [anonymous] [0:0:0:0:0:0:0:1] Exception caught, closing session
java.io.IOException: Une connexion établie a été abandonnée par un logiciel de votre ordinateur hôte
	at java.base/sun.nio.ch.SocketDispatcher.read0(Native Method)
	at java.base/sun.nio.ch.SocketDispatcher.read(SocketDispatcher.java:43)
	at java.base/sun.nio.ch.IOUtil.readIntoNativeBuffer(IOUtil.java:276)
	at java.base/sun.nio.ch.IOUtil.read(IOUtil.java:245)
	at java.base/sun.nio.ch.IOUtil.read(IOUtil.java:223)
	at java.base/sun.nio.ch.SocketChannelImpl.read(SocketChannelImpl.java:358)
	at org.apache.mina.transport.socket.nio.NioProcessor.read(NioProcessor.java:317)
	at org.apache.mina.transport.socket.nio.NioProcessor.read(NioProcessor.java:45)
	at org.apache.mina.core.polling.AbstractPollingIoProcessor.read(AbstractPollingIoProcessor.java:683)
	at org.apache.mina.core.polling.AbstractPollingIoProcessor.process(AbstractPollingIoProcessor.java:659)
	at org.apache.mina.core.polling.AbstractPollingIoProcessor.process(AbstractPollingIoProcessor.java:648)
	at org.apache.mina.core.polling.AbstractPollingIoProcessor.access$600(AbstractPollingIoProcessor.java:68)
	at org.apache.mina.core.polling.AbstractPollingIoProcessor$Processor.run(AbstractPollingIoProcessor.java:1120)
	at org.apache.mina.util.NamePreservingRunnable.run(NamePreservingRunnable.java:64)
	at java.base/java.util.concurrent.ThreadPoolExecutor.runWorker(ThreadPoolExecutor.java:1128)
	at java.base/java.util.concurrent.ThreadPoolExecutor$Worker.run(ThreadPoolExecutor.java:628)
	at java.base/java.lang.Thread.run(Thread.java:834)
[ INFO] 2019-03-16 18:13:16,866 [anonymous] [0:0:0:0:0:0:0:1] CLOSED
[ INFO] 2019-03-16 18:24:30,222 [] [127.0.0.1] CREATED
[ INFO] 2019-03-16 18:24:30,223 [] [127.0.0.1] OPENED
[ INFO] 2019-03-16 18:24:30,224 [] [127.0.0.1] SENT: 220 Service ready for new user.

[ INFO] 2019-03-16 18:24:30,225 [] [127.0.0.1] RECEIVED: USER anonymous
[ INFO] 2019-03-16 18:24:30,226 [anonymous] [127.0.0.1] SENT: 331 Guest login okay, send your complete e-mail address as password.

[ INFO] 2019-03-16 18:24:30,226 [anonymous] [127.0.0.1] RECEIVED: PASS *****
[ INFO] 2019-03-16 18:24:30,226 [anonymous] [127.0.0.1] Anonymous login success - Java11.0.2-redhat@
[ INFO] 2019-03-16 18:24:30,226 [anonymous] [127.0.0.1] SENT: 230 User logged in, proceed.

[ INFO] 2019-03-16 18:24:30,226 [anonymous] [127.0.0.1] RECEIVED: TYPE I
[ INFO] 2019-03-16 18:24:30,227 [anonymous] [127.0.0.1] SENT: 200 Command TYPE okay.

[ INFO] 2019-03-16 18:24:30,227 [anonymous] [127.0.0.1] RECEIVED: CWD test
[ INFO] 2019-03-16 18:24:30,227 [anonymous] [127.0.0.1] SENT: 550 No such directory.

[ INFO] 2019-03-16 18:24:30,228 [anonymous] [127.0.0.1] RECEIVED: QUIT
[ INFO] 2019-03-16 18:24:30,228 [anonymous] [127.0.0.1] SENT: 221 Goodbye.

[ INFO] 2019-03-16 18:24:30,228 [anonymous] [127.0.0.1] CLOSED
[ INFO] 2019-03-16 18:24:46,554 [] [127.0.0.1] CREATED
[ INFO] 2019-03-16 18:24:46,554 [] [127.0.0.1] OPENED
[ INFO] 2019-03-16 18:24:46,555 [] [127.0.0.1] SENT: 220 Service ready for new user.

[ INFO] 2019-03-16 18:24:46,555 [] [127.0.0.1] RECEIVED: USER anonymous
[ INFO] 2019-03-16 18:24:46,555 [anonymous] [127.0.0.1] SENT: 331 Guest login okay, send your complete e-mail address as password.

[ INFO] 2019-03-16 18:24:46,555 [anonymous] [127.0.0.1] RECEIVED: PASS *****
[ INFO] 2019-03-16 18:24:46,556 [anonymous] [127.0.0.1] Anonymous login success - Java11.0.2-redhat@
[ INFO] 2019-03-16 18:24:46,556 [anonymous] [127.0.0.1] SENT: 230 User logged in, proceed.

[ INFO] 2019-03-16 18:24:46,557 [anonymous] [127.0.0.1] RECEIVED: TYPE I
[ INFO] 2019-03-16 18:24:46,557 [anonymous] [127.0.0.1] SENT: 200 Command TYPE okay.

[ INFO] 2019-03-16 18:24:46,558 [anonymous] [127.0.0.1] RECEIVED: CWD test
[ INFO] 2019-03-16 18:24:46,558 [anonymous] [127.0.0.1] SENT: 550 No such directory.

[ INFO] 2019-03-16 18:24:46,558 [anonymous] [127.0.0.1] RECEIVED: QUIT
[ INFO] 2019-03-16 18:24:46,560 [anonymous] [127.0.0.1] SENT: 221 Goodbye.

[ INFO] 2019-03-16 18:24:46,561 [anonymous] [127.0.0.1] CLOSED
[ INFO] 2019-03-16 18:27:00,754 [] [127.0.0.1] CREATED
[ INFO] 2019-03-16 18:27:00,754 [] [127.0.0.1] OPENED
[ INFO] 2019-03-16 18:27:00,755 [] [127.0.0.1] SENT: 220 Service ready for new user.

[ INFO] 2019-03-16 18:27:00,755 [] [127.0.0.1] RECEIVED: USER anonymous
[ INFO] 2019-03-16 18:27:00,755 [anonymous] [127.0.0.1] SENT: 331 Guest login okay, send your complete e-mail address as password.

[ INFO] 2019-03-16 18:27:00,756 [anonymous] [127.0.0.1] RECEIVED: PASS *****
[ INFO] 2019-03-16 18:27:00,756 [anonymous] [127.0.0.1] Anonymous login success - Java11.0.2-redhat@
[ INFO] 2019-03-16 18:27:00,756 [anonymous] [127.0.0.1] SENT: 230 User logged in, proceed.

[ INFO] 2019-03-16 18:27:00,756 [anonymous] [127.0.0.1] RECEIVED: TYPE I
[ INFO] 2019-03-16 18:27:00,757 [anonymous] [127.0.0.1] SENT: 200 Command TYPE okay.

[ INFO] 2019-03-16 18:27:00,757 [anonymous] [127.0.0.1] RECEIVED: CWD test
[ INFO] 2019-03-16 18:27:00,757 [anonymous] [127.0.0.1] SENT: 550 No such directory.

[ INFO] 2019-03-16 18:27:00,757 [anonymous] [127.0.0.1] RECEIVED: QUIT
[ INFO] 2019-03-16 18:27:00,758 [anonymous] [127.0.0.1] SENT: 221 Goodbye.

[ INFO] 2019-03-16 18:27:00,758 [anonymous] [127.0.0.1] CLOSED
[ INFO] 2019-03-16 18:29:54,184 [] [127.0.0.1] CREATED
[ INFO] 2019-03-16 18:29:54,185 [] [127.0.0.1] OPENED
[ INFO] 2019-03-16 18:29:54,186 [] [127.0.0.1] SENT: 220 Service ready for new user.

[ INFO] 2019-03-16 18:29:54,186 [] [127.0.0.1] RECEIVED: USER anonymous
[ INFO] 2019-03-16 18:29:54,186 [anonymous] [127.0.0.1] SENT: 331 Guest login okay, send your complete e-mail address as password.

[ INFO] 2019-03-16 18:29:54,187 [anonymous] [127.0.0.1] RECEIVED: PASS *****
[ INFO] 2019-03-16 18:29:54,187 [anonymous] [127.0.0.1] Anonymous login success - Java11.0.2-redhat@
[ INFO] 2019-03-16 18:29:54,187 [anonymous] [127.0.0.1] SENT: 230 User logged in, proceed.

[ INFO] 2019-03-16 18:29:54,187 [anonymous] [127.0.0.1] RECEIVED: TYPE I
[ INFO] 2019-03-16 18:29:54,188 [anonymous] [127.0.0.1] SENT: 200 Command TYPE okay.

[ INFO] 2019-03-16 18:29:54,188 [anonymous] [127.0.0.1] RECEIVED: CWD test
[ INFO] 2019-03-16 18:29:54,189 [anonymous] [127.0.0.1] SENT: 550 No such directory.

[ INFO] 2019-03-16 18:29:54,189 [anonymous] [127.0.0.1] RECEIVED: QUIT
[ INFO] 2019-03-16 18:29:54,190 [anonymous] [127.0.0.1] SENT: 221 Goodbye.

[ INFO] 2019-03-16 18:29:54,190 [anonymous] [127.0.0.1] CLOSED
[ INFO] 2019-03-16 18:35:25,646 [] [127.0.0.1] CREATED
[ INFO] 2019-03-16 18:35:25,647 [] [127.0.0.1] OPENED
[ INFO] 2019-03-16 18:35:25,648 [] [127.0.0.1] SENT: 220 Service ready for new user.

[ INFO] 2019-03-16 18:35:25,649 [] [127.0.0.1] RECEIVED: USER anonymous
[ INFO] 2019-03-16 18:35:25,649 [anonymous] [127.0.0.1] SENT: 331 Guest login okay, send your complete e-mail address as password.

[ INFO] 2019-03-16 18:35:25,649 [anonymous] [127.0.0.1] RECEIVED: PASS *****
[ INFO] 2019-03-16 18:35:25,650 [anonymous] [127.0.0.1] Anonymous login success - Java11.0.2-redhat@
[ INFO] 2019-03-16 18:35:25,650 [anonymous] [127.0.0.1] SENT: 230 User logged in, proceed.

[ INFO] 2019-03-16 18:35:25,650 [anonymous] [127.0.0.1] RECEIVED: TYPE I
[ INFO] 2019-03-16 18:35:25,650 [anonymous] [127.0.0.1] SENT: 200 Command TYPE okay.

[ INFO] 2019-03-16 18:35:25,650 [anonymous] [127.0.0.1] RECEIVED: CWD test
[ INFO] 2019-03-16 18:35:25,651 [anonymous] [127.0.0.1] SENT: 550 No such directory.

[ INFO] 2019-03-16 18:35:25,651 [anonymous] [127.0.0.1] RECEIVED: QUIT
[ INFO] 2019-03-16 18:35:25,651 [anonymous] [127.0.0.1] SENT: 221 Goodbye.

[ INFO] 2019-03-16 18:35:25,651 [anonymous] [127.0.0.1] CLOSED
[ INFO] 2019-03-16 18:35:45,529 [] [0:0:0:0:0:0:0:1] CREATED
[ INFO] 2019-03-16 18:35:45,530 [anonymous] [0:0:0:0:0:0:0:1] OPENED
[ INFO] 2019-03-16 18:35:45,531 [] [0:0:0:0:0:0:0:1] SENT: 220 Service ready for new user.

[ INFO] 2019-03-16 18:35:45,531 [anonymous] [0:0:0:0:0:0:0:1] RECEIVED: USER anonymous
[ INFO] 2019-03-16 18:35:45,532 [anonymous] [0:0:0:0:0:0:0:1] SENT: 331 Guest login okay, send your complete e-mail address as password.

[ INFO] 2019-03-16 18:35:45,532 [anonymous] [0:0:0:0:0:0:0:1] RECEIVED: PASS *****
[ INFO] 2019-03-16 18:35:45,533 [anonymous] [0:0:0:0:0:0:0:1] Anonymous login success - chrome@example.com
[ INFO] 2019-03-16 18:35:45,533 [anonymous] [0:0:0:0:0:0:0:1] SENT: 230 User logged in, proceed.

[ INFO] 2019-03-16 18:35:45,533 [anonymous] [0:0:0:0:0:0:0:1] RECEIVED: SYST
[ INFO] 2019-03-16 18:35:45,533 [anonymous] [0:0:0:0:0:0:0:1] SENT: 215 UNIX Type: Apache FtpServer

[ INFO] 2019-03-16 18:35:45,533 [anonymous] [0:0:0:0:0:0:0:1] RECEIVED: PWD
[ INFO] 2019-03-16 18:35:45,534 [anonymous] [0:0:0:0:0:0:0:1] SENT: 257 "/" is current directory.

[ INFO] 2019-03-16 18:35:45,534 [anonymous] [0:0:0:0:0:0:0:1] RECEIVED: TYPE I
[ INFO] 2019-03-16 18:35:45,534 [anonymous] [0:0:0:0:0:0:0:1] SENT: 200 Command TYPE okay.

[ INFO] 2019-03-16 18:35:45,534 [anonymous] [0:0:0:0:0:0:0:1] RECEIVED: SIZE /
[ INFO] 2019-03-16 18:35:45,535 [anonymous] [0:0:0:0:0:0:0:1] SENT: 550 /: Not a plain file.

[ INFO] 2019-03-16 18:35:45,535 [anonymous] [0:0:0:0:0:0:0:1] RECEIVED: CWD /
[ INFO] 2019-03-16 18:35:45,535 [anonymous] [0:0:0:0:0:0:0:1] SENT: 250 Directory changed to /

[ INFO] 2019-03-16 18:35:45,535 [anonymous] [0:0:0:0:0:0:0:1] RECEIVED: EPSV
[ INFO] 2019-03-16 18:35:45,536 [anonymous] [0:0:0:0:0:0:0:1] SENT: 229 Entering Passive Mode (|||59084|)

[ INFO] 2019-03-16 18:35:45,537 [anonymous] [0:0:0:0:0:0:0:1] RECEIVED: LIST -l
[ WARN] 2019-03-16 18:35:45,538 [anonymous] [0:0:0:0:0:0:0:1] Releasing unreserved passive port: 59084
[ INFO] 2019-03-16 18:35:45,538 [anonymous] [0:0:0:0:0:0:0:1] SENT: 150 File status okay; about to open data connection.

[ INFO] 2019-03-16 18:35:45,538 [anonymous] [0:0:0:0:0:0:0:1] SENT: 226 Closing data connection.

[ INFO] 2019-03-16 18:35:45,539 [anonymous] [0:0:0:0:0:0:0:1] RECEIVED: QUIT
[ INFO] 2019-03-16 18:35:45,539 [anonymous] [0:0:0:0:0:0:0:1] SENT: 221 Goodbye.

[ INFO] 2019-03-16 18:35:45,539 [anonymous] [0:0:0:0:0:0:0:1] CLOSED
[ INFO] 2019-03-17 12:02:55,299 [] [0:0:0:0:0:0:0:1] CREATED
[ INFO] 2019-03-17 12:02:55,300 [] [0:0:0:0:0:0:0:1] OPENED
[ INFO] 2019-03-17 12:02:55,301 [] [0:0:0:0:0:0:0:1] SENT: 220 Service ready for new user.

[ INFO] 2019-03-17 12:02:55,301 [] [0:0:0:0:0:0:0:1] RECEIVED: USER anonymous
[ INFO] 2019-03-17 12:02:55,302 [anonymous] [0:0:0:0:0:0:0:1] SENT: 331 Guest login okay, send your complete e-mail address as password.

[ INFO] 2019-03-17 12:02:55,302 [anonymous] [0:0:0:0:0:0:0:1] RECEIVED: PASS *****
[ INFO] 2019-03-17 12:02:55,302 [anonymous] [0:0:0:0:0:0:0:1] Anonymous login success - chrome@example.com
[ INFO] 2019-03-17 12:02:55,302 [anonymous] [0:0:0:0:0:0:0:1] SENT: 230 User logged in, proceed.

[ INFO] 2019-03-17 12:02:55,302 [anonymous] [0:0:0:0:0:0:0:1] RECEIVED: SYST
[ INFO] 2019-03-17 12:02:55,302 [anonymous] [0:0:0:0:0:0:0:1] SENT: 215 UNIX Type: Apache FtpServer

[ INFO] 2019-03-17 12:02:55,303 [anonymous] [0:0:0:0:0:0:0:1] RECEIVED: PWD
[ INFO] 2019-03-17 12:02:55,303 [anonymous] [0:0:0:0:0:0:0:1] SENT: 257 "/" is current directory.

[ INFO] 2019-03-17 12:02:55,303 [anonymous] [0:0:0:0:0:0:0:1] RECEIVED: TYPE I
[ INFO] 2019-03-17 12:02:55,303 [anonymous] [0:0:0:0:0:0:0:1] SENT: 200 Command TYPE okay.

[ INFO] 2019-03-17 12:02:55,303 [anonymous] [0:0:0:0:0:0:0:1] RECEIVED: SIZE /
[ INFO] 2019-03-17 12:02:55,304 [anonymous] [0:0:0:0:0:0:0:1] SENT: 550 /: Not a plain file.

[ INFO] 2019-03-17 12:02:55,304 [anonymous] [0:0:0:0:0:0:0:1] RECEIVED: CWD /
[ INFO] 2019-03-17 12:02:55,304 [anonymous] [0:0:0:0:0:0:0:1] SENT: 250 Directory changed to /

[ INFO] 2019-03-17 12:02:55,304 [anonymous] [0:0:0:0:0:0:0:1] RECEIVED: EPSV
[ INFO] 2019-03-17 12:02:55,305 [anonymous] [0:0:0:0:0:0:0:1] SENT: 229 Entering Passive Mode (|||59460|)

[ INFO] 2019-03-17 12:02:55,305 [anonymous] [0:0:0:0:0:0:0:1] RECEIVED: LIST -l
[ WARN] 2019-03-17 12:02:55,307 [anonymous] [0:0:0:0:0:0:0:1] Releasing unreserved passive port: 59460
[ INFO] 2019-03-17 12:02:55,307 [anonymous] [0:0:0:0:0:0:0:1] SENT: 150 File status okay; about to open data connection.

[ INFO] 2019-03-17 12:02:55,307 [anonymous] [0:0:0:0:0:0:0:1] SENT: 226 Closing data connection.

[ INFO] 2019-03-17 12:02:55,308 [anonymous] [0:0:0:0:0:0:0:1] CLOSED
[ INFO] 2019-03-17 12:08:16,562 [] [0:0:0:0:0:0:0:1] CREATED
[ INFO] 2019-03-17 12:08:16,563 [] [0:0:0:0:0:0:0:1] OPENED
[ INFO] 2019-03-17 12:08:16,564 [] [0:0:0:0:0:0:0:1] SENT: 220 Service ready for new user.

[ INFO] 2019-03-17 12:08:16,565 [] [0:0:0:0:0:0:0:1] RECEIVED: USER anonymous
[ INFO] 2019-03-17 12:08:16,566 [anonymous] [0:0:0:0:0:0:0:1] SENT: 331 Guest login okay, send your complete e-mail address as password.

[ INFO] 2019-03-17 12:08:16,566 [anonymous] [0:0:0:0:0:0:0:1] RECEIVED: PASS *****
[ INFO] 2019-03-17 12:08:16,567 [anonymous] [0:0:0:0:0:0:0:1] Anonymous login success - chrome@example.com
[ INFO] 2019-03-17 12:08:16,567 [anonymous] [0:0:0:0:0:0:0:1] SENT: 230 User logged in, proceed.

[ INFO] 2019-03-17 12:08:16,567 [anonymous] [0:0:0:0:0:0:0:1] RECEIVED: SYST
[ INFO] 2019-03-17 12:08:16,568 [anonymous] [0:0:0:0:0:0:0:1] SENT: 215 UNIX Type: Apache FtpServer

[ INFO] 2019-03-17 12:08:16,568 [anonymous] [0:0:0:0:0:0:0:1] RECEIVED: PWD
[ INFO] 2019-03-17 12:08:16,568 [anonymous] [0:0:0:0:0:0:0:1] SENT: 257 "/" is current directory.

[ INFO] 2019-03-17 12:08:16,568 [anonymous] [0:0:0:0:0:0:0:1] RECEIVED: TYPE I
[ INFO] 2019-03-17 12:08:16,568 [anonymous] [0:0:0:0:0:0:0:1] SENT: 200 Command TYPE okay.

[ INFO] 2019-03-17 12:08:16,568 [anonymous] [0:0:0:0:0:0:0:1] RECEIVED: SIZE /
[ INFO] 2019-03-17 12:08:16,569 [anonymous] [0:0:0:0:0:0:0:1] SENT: 550 /: Not a plain file.

[ INFO] 2019-03-17 12:08:16,569 [anonymous] [0:0:0:0:0:0:0:1] RECEIVED: CWD /
[ INFO] 2019-03-17 12:08:16,569 [anonymous] [0:0:0:0:0:0:0:1] SENT: 250 Directory changed to /

[ INFO] 2019-03-17 12:08:16,569 [anonymous] [0:0:0:0:0:0:0:1] RECEIVED: EPSV
[ INFO] 2019-03-17 12:08:16,570 [anonymous] [0:0:0:0:0:0:0:1] SENT: 229 Entering Passive Mode (|||59542|)

[ INFO] 2019-03-17 12:08:16,571 [anonymous] [0:0:0:0:0:0:0:1] RECEIVED: LIST -l
[ WARN] 2019-03-17 12:08:16,574 [anonymous] [0:0:0:0:0:0:0:1] Releasing unreserved passive port: 59542
[ INFO] 2019-03-17 12:08:16,574 [anonymous] [0:0:0:0:0:0:0:1] SENT: 150 File status okay; about to open data connection.

[ INFO] 2019-03-17 12:08:16,574 [anonymous] [0:0:0:0:0:0:0:1] SENT: 226 Closing data connection.

[ INFO] 2019-03-17 12:08:16,574 [anonymous] [0:0:0:0:0:0:0:1] RECEIVED: QUIT
[ INFO] 2019-03-17 12:08:16,575 [anonymous] [0:0:0:0:0:0:0:1] SENT: 221 Goodbye.

[ INFO] 2019-03-17 12:08:16,575 [anonymous] [0:0:0:0:0:0:0:1] CLOSED
[ INFO] 2019-03-17 12:08:21,900 [] [0:0:0:0:0:0:0:1] CREATED
[ INFO] 2019-03-17 12:08:21,900 [] [0:0:0:0:0:0:0:1] OPENED
[ INFO] 2019-03-17 12:08:21,901 [] [0:0:0:0:0:0:0:1] SENT: 220 Service ready for new user.

[ INFO] 2019-03-17 12:08:21,901 [] [0:0:0:0:0:0:0:1] RECEIVED: USER anonymous
[ INFO] 2019-03-17 12:08:21,902 [anonymous] [0:0:0:0:0:0:0:1] SENT: 331 Guest login okay, send your complete e-mail address as password.

[ INFO] 2019-03-17 12:08:21,902 [anonymous] [0:0:0:0:0:0:0:1] RECEIVED: PASS *****
[ INFO] 2019-03-17 12:08:21,902 [anonymous] [0:0:0:0:0:0:0:1] Anonymous login success - chrome@example.com
[ INFO] 2019-03-17 12:08:21,902 [anonymous] [0:0:0:0:0:0:0:1] SENT: 230 User logged in, proceed.

[ INFO] 2019-03-17 12:08:21,903 [anonymous] [0:0:0:0:0:0:0:1] RECEIVED: SYST
[ INFO] 2019-03-17 12:08:21,903 [anonymous] [0:0:0:0:0:0:0:1] SENT: 215 UNIX Type: Apache FtpServer

[ INFO] 2019-03-17 12:08:21,903 [anonymous] [0:0:0:0:0:0:0:1] RECEIVED: PWD
[ INFO] 2019-03-17 12:08:21,903 [anonymous] [0:0:0:0:0:0:0:1] SENT: 257 "/" is current directory.

[ INFO] 2019-03-17 12:08:21,903 [anonymous] [0:0:0:0:0:0:0:1] RECEIVED: TYPE I
[ INFO] 2019-03-17 12:08:21,904 [anonymous] [0:0:0:0:0:0:0:1] SENT: 200 Command TYPE okay.

[ INFO] 2019-03-17 12:08:21,904 [anonymous] [0:0:0:0:0:0:0:1] RECEIVED: SIZE /
[ INFO] 2019-03-17 12:08:21,904 [anonymous] [0:0:0:0:0:0:0:1] SENT: 550 /: Not a plain file.

[ INFO] 2019-03-17 12:08:21,905 [anonymous] [0:0:0:0:0:0:0:1] RECEIVED: CWD /
[ INFO] 2019-03-17 12:08:21,905 [anonymous] [0:0:0:0:0:0:0:1] SENT: 250 Directory changed to /

[ INFO] 2019-03-17 12:08:21,905 [anonymous] [0:0:0:0:0:0:0:1] RECEIVED: EPSV
[ INFO] 2019-03-17 12:08:21,906 [anonymous] [0:0:0:0:0:0:0:1] SENT: 229 Entering Passive Mode (|||59545|)

[ INFO] 2019-03-17 12:08:21,907 [anonymous] [0:0:0:0:0:0:0:1] RECEIVED: LIST -l
[ WARN] 2019-03-17 12:08:21,909 [anonymous] [0:0:0:0:0:0:0:1] Releasing unreserved passive port: 59545
[ INFO] 2019-03-17 12:08:21,909 [anonymous] [0:0:0:0:0:0:0:1] SENT: 150 File status okay; about to open data connection.

[ INFO] 2019-03-17 12:08:21,909 [anonymous] [0:0:0:0:0:0:0:1] SENT: 226 Closing data connection.

[ INFO] 2019-03-17 12:08:21,909 [anonymous] [0:0:0:0:0:0:0:1] RECEIVED: QUIT
[ INFO] 2019-03-17 12:08:21,909 [anonymous] [0:0:0:0:0:0:0:1] SENT: 221 Goodbye.

[ INFO] 2019-03-17 12:08:21,909 [anonymous] [0:0:0:0:0:0:0:1] CLOSED
[ INFO] 2019-03-17 12:13:43,903 [] [127.0.0.1] CREATED
[ INFO] 2019-03-17 12:13:43,904 [] [127.0.0.1] OPENED
[ INFO] 2019-03-17 12:13:43,905 [] [127.0.0.1] SENT: 220 Service ready for new user.

[ INFO] 2019-03-17 12:13:43,906 [] [127.0.0.1] RECEIVED: USER anonymous
[ INFO] 2019-03-17 12:13:43,907 [anonymous] [127.0.0.1] SENT: 331 Guest login okay, send your complete e-mail address as password.

[ INFO] 2019-03-17 12:13:43,907 [anonymous] [127.0.0.1] RECEIVED: PASS *****
[ INFO] 2019-03-17 12:13:43,907 [anonymous] [127.0.0.1] Anonymous login success - anonymous
[ INFO] 2019-03-17 12:13:43,907 [anonymous] [127.0.0.1] SENT: 230 User logged in, proceed.

[ INFO] 2019-03-17 12:13:43,907 [anonymous] [127.0.0.1] RECEIVED: TYPE A
[ INFO] 2019-03-17 12:13:43,907 [anonymous] [127.0.0.1] SENT: 200 Command TYPE okay.

[ INFO] 2019-03-17 12:13:43,908 [anonymous] [127.0.0.1] RECEIVED: CWD .
[ INFO] 2019-03-17 12:13:43,908 [anonymous] [127.0.0.1] SENT: 250 Directory changed to /

[ INFO] 2019-03-17 12:13:43,908 [anonymous] [127.0.0.1] RECEIVED: EPSV ALL
[ INFO] 2019-03-17 12:13:43,909 [anonymous] [127.0.0.1] SENT: 229 Entering Passive Mode (|||59584|)

[ INFO] 2019-03-17 12:13:43,909 [anonymous] [127.0.0.1] RECEIVED: EPSV
[ WARN] 2019-03-17 12:13:43,910 [anonymous] [127.0.0.1] Releasing unreserved passive port: 59584
[ INFO] 2019-03-17 12:13:43,910 [anonymous] [127.0.0.1] SENT: 229 Entering Passive Mode (|||59585|)

[ INFO] 2019-03-17 12:13:43,912 [anonymous] [127.0.0.1] RECEIVED: LIST
[ WARN] 2019-03-17 12:13:43,913 [anonymous] [127.0.0.1] Releasing unreserved passive port: 59585
[ INFO] 2019-03-17 12:13:43,913 [anonymous] [127.0.0.1] SENT: 150 File status okay; about to open data connection.

[ INFO] 2019-03-17 12:13:43,913 [anonymous] [127.0.0.1] SENT: 226 Closing data connection.

[ INFO] 2019-03-17 12:13:44,198 [anonymous] [127.0.0.1] RECEIVED: QUIT
[ INFO] 2019-03-17 12:13:44,199 [anonymous] [127.0.0.1] SENT: 221 Goodbye.

[ INFO] 2019-03-17 12:13:44,199 [anonymous] [127.0.0.1] CLOSED
[ INFO] 2019-03-17 12:14:43,544 [] [127.0.0.1] CREATED
[ INFO] 2019-03-17 12:14:43,545 [] [127.0.0.1] OPENED
[ INFO] 2019-03-17 12:14:43,546 [] [127.0.0.1] SENT: 220 Service ready for new user.

[ INFO] 2019-03-17 12:14:43,547 [] [127.0.0.1] RECEIVED: USER anonymous
[ INFO] 2019-03-17 12:14:43,547 [anonymous] [127.0.0.1] SENT: 331 Guest login okay, send your complete e-mail address as password.

[ INFO] 2019-03-17 12:14:43,547 [anonymous] [127.0.0.1] RECEIVED: PASS *****
[ INFO] 2019-03-17 12:14:43,548 [anonymous] [127.0.0.1] Anonymous login success - anonymous
[ INFO] 2019-03-17 12:14:43,548 [anonymous] [127.0.0.1] SENT: 230 User logged in, proceed.

[ INFO] 2019-03-17 12:14:43,548 [anonymous] [127.0.0.1] RECEIVED: TYPE A
[ INFO] 2019-03-17 12:14:43,548 [anonymous] [127.0.0.1] SENT: 200 Command TYPE okay.

[ INFO] 2019-03-17 12:14:43,548 [anonymous] [127.0.0.1] RECEIVED: CWD .
[ INFO] 2019-03-17 12:14:43,549 [anonymous] [127.0.0.1] SENT: 250 Directory changed to /

[ INFO] 2019-03-17 12:14:43,549 [anonymous] [127.0.0.1] RECEIVED: EPSV ALL
[ INFO] 2019-03-17 12:14:43,549 [anonymous] [127.0.0.1] SENT: 229 Entering Passive Mode (|||59590|)

[ INFO] 2019-03-17 12:14:43,550 [anonymous] [127.0.0.1] RECEIVED: EPSV
[ WARN] 2019-03-17 12:14:43,550 [anonymous] [127.0.0.1] Releasing unreserved passive port: 59590
[ INFO] 2019-03-17 12:14:43,550 [anonymous] [127.0.0.1] SENT: 229 Entering Passive Mode (|||59591|)

[ INFO] 2019-03-17 12:14:43,552 [anonymous] [127.0.0.1] RECEIVED: LIST
[ WARN] 2019-03-17 12:14:43,554 [anonymous] [127.0.0.1] Releasing unreserved passive port: 59591
[ INFO] 2019-03-17 12:14:43,554 [anonymous] [127.0.0.1] SENT: 150 File status okay; about to open data connection.

[ INFO] 2019-03-17 12:14:43,554 [anonymous] [127.0.0.1] SENT: 226 Closing data connection.

[ INFO] 2019-03-17 12:14:43,821 [anonymous] [127.0.0.1] RECEIVED: QUIT
[ INFO] 2019-03-17 12:14:43,822 [anonymous] [127.0.0.1] SENT: 221 Goodbye.

[ INFO] 2019-03-17 12:14:43,822 [anonymous] [127.0.0.1] CLOSED
[ INFO] 2019-03-17 12:16:21,424 [] [127.0.0.1] CREATED
[ INFO] 2019-03-17 12:16:21,425 [] [127.0.0.1] OPENED
[ INFO] 2019-03-17 12:16:21,425 [] [127.0.0.1] SENT: 220 Service ready for new user.

[ INFO] 2019-03-17 12:16:21,426 [] [127.0.0.1] RECEIVED: USER anonymous
[ INFO] 2019-03-17 12:16:21,426 [anonymous] [127.0.0.1] SENT: 331 Guest login okay, send your complete e-mail address as password.

[ INFO] 2019-03-17 12:16:21,427 [anonymous] [127.0.0.1] RECEIVED: PASS *****
[ INFO] 2019-03-17 12:16:21,427 [anonymous] [127.0.0.1] Anonymous login success - anonymous
[ INFO] 2019-03-17 12:16:21,427 [anonymous] [127.0.0.1] SENT: 230 User logged in, proceed.

[ INFO] 2019-03-17 12:16:21,427 [anonymous] [127.0.0.1] RECEIVED: TYPE A
[ INFO] 2019-03-17 12:16:21,427 [anonymous] [127.0.0.1] SENT: 200 Command TYPE okay.

[ INFO] 2019-03-17 12:16:21,427 [anonymous] [127.0.0.1] RECEIVED: CWD .
[ INFO] 2019-03-17 12:16:21,428 [anonymous] [127.0.0.1] SENT: 250 Directory changed to /

[ INFO] 2019-03-17 12:16:21,428 [anonymous] [127.0.0.1] RECEIVED: EPSV ALL
[ INFO] 2019-03-17 12:16:21,428 [anonymous] [127.0.0.1] SENT: 229 Entering Passive Mode (|||59597|)

[ INFO] 2019-03-17 12:16:21,428 [anonymous] [127.0.0.1] RECEIVED: EPSV
[ WARN] 2019-03-17 12:16:21,429 [anonymous] [127.0.0.1] Releasing unreserved passive port: 59597
[ INFO] 2019-03-17 12:16:21,429 [anonymous] [127.0.0.1] SENT: 229 Entering Passive Mode (|||59598|)

[ INFO] 2019-03-17 12:16:21,430 [anonymous] [127.0.0.1] RECEIVED: LIST
[ WARN] 2019-03-17 12:16:21,432 [anonymous] [127.0.0.1] Releasing unreserved passive port: 59598
[ INFO] 2019-03-17 12:16:21,432 [anonymous] [127.0.0.1] SENT: 150 File status okay; about to open data connection.

[ INFO] 2019-03-17 12:16:21,432 [anonymous] [127.0.0.1] SENT: 226 Closing data connection.

[ INFO] 2019-03-17 12:16:21,698 [anonymous] [127.0.0.1] RECEIVED: QUIT
[ INFO] 2019-03-17 12:16:21,699 [anonymous] [127.0.0.1] SENT: 221 Goodbye.

[ INFO] 2019-03-17 12:16:21,699 [anonymous] [127.0.0.1] CLOSED
[ INFO] 2019-03-17 12:19:20,496 [] [127.0.0.1] CREATED
[ INFO] 2019-03-17 12:19:20,496 [] [127.0.0.1] OPENED
[ INFO] 2019-03-17 12:19:20,497 [] [127.0.0.1] SENT: 220 Service ready for new user.

[ INFO] 2019-03-17 12:19:20,498 [] [127.0.0.1] RECEIVED: USER anonymous
[ INFO] 2019-03-17 12:19:20,499 [anonymous] [127.0.0.1] SENT: 331 Guest login okay, send your complete e-mail address as password.

[ INFO] 2019-03-17 12:19:20,499 [anonymous] [127.0.0.1] RECEIVED: PASS *****
[ INFO] 2019-03-17 12:19:20,499 [anonymous] [127.0.0.1] Anonymous login success - anonymous
[ INFO] 2019-03-17 12:19:20,499 [anonymous] [127.0.0.1] SENT: 230 User logged in, proceed.

[ INFO] 2019-03-17 12:19:20,499 [anonymous] [127.0.0.1] RECEIVED: TYPE A
[ INFO] 2019-03-17 12:19:20,499 [anonymous] [127.0.0.1] SENT: 200 Command TYPE okay.

[ INFO] 2019-03-17 12:19:20,499 [anonymous] [127.0.0.1] RECEIVED: CWD .
[ INFO] 2019-03-17 12:19:20,500 [anonymous] [127.0.0.1] SENT: 250 Directory changed to /

[ INFO] 2019-03-17 12:19:20,500 [anonymous] [127.0.0.1] RECEIVED: EPSV ALL
[ INFO] 2019-03-17 12:19:20,501 [anonymous] [127.0.0.1] SENT: 229 Entering Passive Mode (|||59608|)

[ INFO] 2019-03-17 12:19:20,501 [anonymous] [127.0.0.1] RECEIVED: EPSV
[ WARN] 2019-03-17 12:19:20,501 [anonymous] [127.0.0.1] Releasing unreserved passive port: 59608
[ INFO] 2019-03-17 12:19:20,502 [anonymous] [127.0.0.1] SENT: 229 Entering Passive Mode (|||59609|)

[ INFO] 2019-03-17 12:19:20,503 [anonymous] [127.0.0.1] RECEIVED: LIST
[ WARN] 2019-03-17 12:19:20,504 [anonymous] [127.0.0.1] Releasing unreserved passive port: 59609
[ INFO] 2019-03-17 12:19:20,505 [anonymous] [127.0.0.1] SENT: 150 File status okay; about to open data connection.

[ INFO] 2019-03-17 12:19:20,505 [anonymous] [127.0.0.1] SENT: 226 Closing data connection.

[ INFO] 2019-03-17 12:19:20,773 [anonymous] [127.0.0.1] RECEIVED: QUIT
[ INFO] 2019-03-17 12:19:20,774 [anonymous] [127.0.0.1] SENT: 221 Goodbye.

[ INFO] 2019-03-17 12:19:20,774 [anonymous] [127.0.0.1] CLOSED
[ INFO] 2019-03-17 12:21:22,322 [] [0:0:0:0:0:0:0:1] CREATED
[ INFO] 2019-03-17 12:21:22,322 [] [0:0:0:0:0:0:0:1] OPENED
[ INFO] 2019-03-17 12:21:22,323 [] [0:0:0:0:0:0:0:1] SENT: 220 Service ready for new user.

[ INFO] 2019-03-17 12:21:22,323 [] [0:0:0:0:0:0:0:1] RECEIVED: USER anonymous
[ INFO] 2019-03-17 12:21:22,324 [anonymous] [0:0:0:0:0:0:0:1] SENT: 331 Guest login okay, send your complete e-mail address as password.

[ INFO] 2019-03-17 12:21:22,324 [anonymous] [0:0:0:0:0:0:0:1] RECEIVED: PASS *****
[ INFO] 2019-03-17 12:21:22,325 [anonymous] [0:0:0:0:0:0:0:1] Anonymous login success - chrome@example.com
[ INFO] 2019-03-17 12:21:22,325 [anonymous] [0:0:0:0:0:0:0:1] SENT: 230 User logged in, proceed.

[ INFO] 2019-03-17 12:21:22,325 [anonymous] [0:0:0:0:0:0:0:1] RECEIVED: SYST
[ INFO] 2019-03-17 12:21:22,326 [anonymous] [0:0:0:0:0:0:0:1] SENT: 215 UNIX Type: Apache FtpServer

[ INFO] 2019-03-17 12:21:22,326 [anonymous] [0:0:0:0:0:0:0:1] RECEIVED: PWD
[ INFO] 2019-03-17 12:21:22,326 [anonymous] [0:0:0:0:0:0:0:1] SENT: 257 "/" is current directory.

[ INFO] 2019-03-17 12:21:22,326 [anonymous] [0:0:0:0:0:0:0:1] RECEIVED: TYPE I
[ INFO] 2019-03-17 12:21:22,327 [anonymous] [0:0:0:0:0:0:0:1] SENT: 200 Command TYPE okay.

[ INFO] 2019-03-17 12:21:22,327 [anonymous] [0:0:0:0:0:0:0:1] RECEIVED: SIZE /
[ INFO] 2019-03-17 12:21:22,327 [anonymous] [0:0:0:0:0:0:0:1] SENT: 550 /: Not a plain file.

[ INFO] 2019-03-17 12:21:22,327 [anonymous] [0:0:0:0:0:0:0:1] RECEIVED: CWD /
[ INFO] 2019-03-17 12:21:22,328 [anonymous] [0:0:0:0:0:0:0:1] SENT: 250 Directory changed to /

[ INFO] 2019-03-17 12:21:22,328 [anonymous] [0:0:0:0:0:0:0:1] RECEIVED: EPSV
[ INFO] 2019-03-17 12:21:22,329 [anonymous] [0:0:0:0:0:0:0:1] SENT: 229 Entering Passive Mode (|||59612|)

[ INFO] 2019-03-17 12:21:22,329 [anonymous] [0:0:0:0:0:0:0:1] RECEIVED: LIST -l
[ WARN] 2019-03-17 12:21:22,331 [anonymous] [0:0:0:0:0:0:0:1] Releasing unreserved passive port: 59612
[ INFO] 2019-03-17 12:21:22,332 [anonymous] [0:0:0:0:0:0:0:1] SENT: 150 File status okay; about to open data connection.

[ INFO] 2019-03-17 12:21:22,332 [anonymous] [0:0:0:0:0:0:0:1] SENT: 226 Closing data connection.

[ INFO] 2019-03-17 12:21:22,332 [anonymous] [0:0:0:0:0:0:0:1] RECEIVED: QUIT
[ INFO] 2019-03-17 12:21:22,332 [anonymous] [0:0:0:0:0:0:0:1] SENT: 221 Goodbye.

[ INFO] 2019-03-17 12:21:22,332 [anonymous] [0:0:0:0:0:0:0:1] CLOSED
[ INFO] 2019-03-17 12:25:41,876 [] [127.0.0.1] CREATED
[ INFO] 2019-03-17 12:25:41,877 [] [127.0.0.1] OPENED
[ INFO] 2019-03-17 12:25:41,877 [] [127.0.0.1] SENT: 220 Service ready for new user.

[ INFO] 2019-03-17 12:25:41,879 [] [127.0.0.1] RECEIVED: USER anonymous
[ INFO] 2019-03-17 12:25:41,879 [anonymous] [127.0.0.1] SENT: 331 Guest login okay, send your complete e-mail address as password.

[ INFO] 2019-03-17 12:25:41,879 [anonymous] [127.0.0.1] RECEIVED: PASS *****
[ INFO] 2019-03-17 12:25:41,879 [anonymous] [127.0.0.1] Anonymous login success - anonymous
[ INFO] 2019-03-17 12:25:41,879 [anonymous] [127.0.0.1] SENT: 230 User logged in, proceed.

[ INFO] 2019-03-17 12:25:41,880 [anonymous] [127.0.0.1] RECEIVED: TYPE I
[ INFO] 2019-03-17 12:25:41,880 [anonymous] [127.0.0.1] SENT: 200 Command TYPE okay.

[ INFO] 2019-03-17 12:25:41,880 [anonymous] [127.0.0.1] RECEIVED: EPSV ALL
[ INFO] 2019-03-17 12:25:41,881 [anonymous] [127.0.0.1] SENT: 229 Entering Passive Mode (|||59617|)

[ INFO] 2019-03-17 12:25:41,881 [anonymous] [127.0.0.1] RECEIVED: EPSV
[ WARN] 2019-03-17 12:25:41,882 [anonymous] [127.0.0.1] Releasing unreserved passive port: 59617
[ INFO] 2019-03-17 12:25:41,882 [anonymous] [127.0.0.1] SENT: 229 Entering Passive Mode (|||59618|)

[ INFO] 2019-03-17 12:25:41,883 [anonymous] [127.0.0.1] RECEIVED: RETR test.ServiceInversion
[ WARN] 2019-03-17 12:25:41,884 [anonymous] [127.0.0.1] Releasing unreserved passive port: 59618
[ INFO] 2019-03-17 12:25:41,884 [anonymous] [127.0.0.1] SENT: 550 /test.ServiceInversion: No such file or directory.

[ INFO] 2019-03-17 12:25:41,884 [anonymous] [127.0.0.1] RECEIVED: CWD test.ServiceInversion
[ INFO] 2019-03-17 12:25:41,884 [anonymous] [127.0.0.1] SENT: 550 No such directory.

[ INFO] 2019-03-17 12:25:41,885 [anonymous] [127.0.0.1] RECEIVED: QUIT
[ INFO] 2019-03-17 12:25:41,885 [anonymous] [127.0.0.1] SENT: 221 Goodbye.

[ INFO] 2019-03-17 12:25:41,885 [anonymous] [127.0.0.1] CLOSED
[ INFO] 2019-03-17 12:25:41,886 [] [127.0.0.1] CREATED
[ INFO] 2019-03-17 12:25:41,887 [] [127.0.0.1] OPENED
[ INFO] 2019-03-17 12:25:41,887 [] [127.0.0.1] SENT: 220 Service ready for new user.

[ INFO] 2019-03-17 12:25:41,887 [] [127.0.0.1] RECEIVED: USER anonymous
[ INFO] 2019-03-17 12:25:41,887 [anonymous] [127.0.0.1] SENT: 331 Guest login okay, send your complete e-mail address as password.

[ INFO] 2019-03-17 12:25:41,888 [anonymous] [127.0.0.1] RECEIVED: PASS *****
[ INFO] 2019-03-17 12:25:41,888 [anonymous] [127.0.0.1] Anonymous login success - anonymous
[ INFO] 2019-03-17 12:25:41,888 [anonymous] [127.0.0.1] SENT: 230 User logged in, proceed.

[ INFO] 2019-03-17 12:25:41,888 [anonymous] [127.0.0.1] RECEIVED: TYPE I
[ INFO] 2019-03-17 12:25:41,888 [anonymous] [127.0.0.1] SENT: 200 Command TYPE okay.

[ INFO] 2019-03-17 12:25:41,888 [anonymous] [127.0.0.1] RECEIVED: CWD test
[ INFO] 2019-03-17 12:25:41,889 [anonymous] [127.0.0.1] SENT: 550 No such directory.

[ INFO] 2019-03-17 12:25:41,889 [anonymous] [127.0.0.1] RECEIVED: QUIT
[ INFO] 2019-03-17 12:25:41,889 [anonymous] [127.0.0.1] SENT: 221 Goodbye.

[ INFO] 2019-03-17 12:25:41,889 [anonymous] [127.0.0.1] CLOSED
[ INFO] 2019-03-17 12:32:53,665 [] [0:0:0:0:0:0:0:1] CREATED
[ INFO] 2019-03-17 12:32:53,666 [] [0:0:0:0:0:0:0:1] OPENED
[ INFO] 2019-03-17 12:32:53,666 [] [0:0:0:0:0:0:0:1] SENT: 220 Service ready for new user.

[ INFO] 2019-03-17 12:32:53,667 [] [0:0:0:0:0:0:0:1] RECEIVED: USER anonymous
[ INFO] 2019-03-17 12:32:53,667 [anonymous] [0:0:0:0:0:0:0:1] SENT: 331 Guest login okay, send your complete e-mail address as password.

[ INFO] 2019-03-17 12:32:53,667 [anonymous] [0:0:0:0:0:0:0:1] RECEIVED: PASS *****
[ INFO] 2019-03-17 12:32:53,667 [anonymous] [0:0:0:0:0:0:0:1] Anonymous login success - chrome@example.com
[ INFO] 2019-03-17 12:32:53,667 [anonymous] [0:0:0:0:0:0:0:1] SENT: 230 User logged in, proceed.

[ INFO] 2019-03-17 12:32:53,668 [anonymous] [0:0:0:0:0:0:0:1] RECEIVED: SYST
[ INFO] 2019-03-17 12:32:53,668 [anonymous] [0:0:0:0:0:0:0:1] SENT: 215 UNIX Type: Apache FtpServer

[ INFO] 2019-03-17 12:32:53,668 [anonymous] [0:0:0:0:0:0:0:1] RECEIVED: PWD
[ INFO] 2019-03-17 12:32:53,668 [anonymous] [0:0:0:0:0:0:0:1] SENT: 257 "/" is current directory.

[ INFO] 2019-03-17 12:32:53,668 [anonymous] [0:0:0:0:0:0:0:1] RECEIVED: TYPE I
[ INFO] 2019-03-17 12:32:53,669 [anonymous] [0:0:0:0:0:0:0:1] SENT: 200 Command TYPE okay.

[ INFO] 2019-03-17 12:32:53,669 [anonymous] [0:0:0:0:0:0:0:1] RECEIVED: SIZE /
[ INFO] 2019-03-17 12:32:53,669 [anonymous] [0:0:0:0:0:0:0:1] SENT: 550 /: Not a plain file.

[ INFO] 2019-03-17 12:32:53,669 [anonymous] [0:0:0:0:0:0:0:1] RECEIVED: CWD /
[ INFO] 2019-03-17 12:32:53,669 [anonymous] [0:0:0:0:0:0:0:1] SENT: 250 Directory changed to /

[ INFO] 2019-03-17 12:32:53,670 [anonymous] [0:0:0:0:0:0:0:1] RECEIVED: EPSV
[ INFO] 2019-03-17 12:32:53,670 [anonymous] [0:0:0:0:0:0:0:1] SENT: 229 Entering Passive Mode (|||59641|)

[ INFO] 2019-03-17 12:32:53,671 [anonymous] [0:0:0:0:0:0:0:1] RECEIVED: LIST -l
[ WARN] 2019-03-17 12:32:53,672 [anonymous] [0:0:0:0:0:0:0:1] Releasing unreserved passive port: 59641
[ INFO] 2019-03-17 12:32:53,672 [anonymous] [0:0:0:0:0:0:0:1] SENT: 150 File status okay; about to open data connection.

[ INFO] 2019-03-17 12:32:53,673 [anonymous] [0:0:0:0:0:0:0:1] SENT: 226 Closing data connection.

[ INFO] 2019-03-17 12:32:53,673 [anonymous] [0:0:0:0:0:0:0:1] RECEIVED: QUIT
[ INFO] 2019-03-17 12:32:53,673 [anonymous] [0:0:0:0:0:0:0:1] SENT: 221 Goodbye.

[ INFO] 2019-03-17 12:32:53,673 [anonymous] [0:0:0:0:0:0:0:1] CLOSED
[ INFO] 2019-03-17 12:33:16,114 [] [127.0.0.1] CREATED
[ INFO] 2019-03-17 12:33:16,114 [] [127.0.0.1] OPENED
[ INFO] 2019-03-17 12:33:16,116 [] [127.0.0.1] SENT: 220 Service ready for new user.

[ INFO] 2019-03-17 12:33:16,117 [] [127.0.0.1] RECEIVED: USER anonymous
[ INFO] 2019-03-17 12:33:16,118 [anonymous] [127.0.0.1] SENT: 331 Guest login okay, send your complete e-mail address as password.

[ INFO] 2019-03-17 12:33:16,118 [anonymous] [127.0.0.1] RECEIVED: PASS *****
[ INFO] 2019-03-17 12:33:16,118 [anonymous] [127.0.0.1] Anonymous login success - anonymous
[ INFO] 2019-03-17 12:33:16,118 [anonymous] [127.0.0.1] SENT: 230 User logged in, proceed.

[ INFO] 2019-03-17 12:33:16,119 [anonymous] [127.0.0.1] RECEIVED: TYPE I
[ INFO] 2019-03-17 12:33:16,119 [anonymous] [127.0.0.1] SENT: 200 Command TYPE okay.

[ INFO] 2019-03-17 12:33:16,119 [anonymous] [127.0.0.1] RECEIVED: CWD test
[ INFO] 2019-03-17 12:33:16,119 [anonymous] [127.0.0.1] SENT: 250 Directory changed to /test

[ INFO] 2019-03-17 12:33:16,119 [anonymous] [127.0.0.1] RECEIVED: EPSV ALL
[ INFO] 2019-03-17 12:33:16,120 [anonymous] [127.0.0.1] SENT: 229 Entering Passive Mode (|||59644|)

[ INFO] 2019-03-17 12:33:16,120 [anonymous] [127.0.0.1] RECEIVED: EPSV
[ WARN] 2019-03-17 12:33:16,120 [anonymous] [127.0.0.1] Releasing unreserved passive port: 59644
[ INFO] 2019-03-17 12:33:16,120 [anonymous] [127.0.0.1] SENT: 229 Entering Passive Mode (|||59645|)

[ INFO] 2019-03-17 12:33:16,122 [anonymous] [127.0.0.1] RECEIVED: RETR ServiceInversion.class
[ INFO] 2019-03-17 12:33:16,476 [anonymous] [127.0.0.1] File downloaded /test/ServiceInversion.class
[ WARN] 2019-03-17 12:33:16,476 [anonymous] [127.0.0.1] Releasing unreserved passive port: 59645
[ INFO] 2019-03-17 12:33:16,476 [anonymous] [127.0.0.1] SENT: 150 File status okay; about to open data connection.

[ INFO] 2019-03-17 12:33:16,476 [anonymous] [127.0.0.1] SENT: 226 Transfer complete.

[ INFO] 2019-03-17 12:33:16,477 [anonymous] [127.0.0.1] RECEIVED: QUIT
[ INFO] 2019-03-17 12:33:16,477 [anonymous] [127.0.0.1] SENT: 221 Goodbye.

[ INFO] 2019-03-17 12:33:16,478 [anonymous] [127.0.0.1] CLOSED
[ INFO] 2019-03-17 12:33:24,806 [] [127.0.0.1] CREATED
[ INFO] 2019-03-17 12:33:24,806 [] [127.0.0.1] OPENED
[ INFO] 2019-03-17 12:33:24,807 [] [127.0.0.1] SENT: 220 Service ready for new user.

[ INFO] 2019-03-17 12:33:24,809 [] [127.0.0.1] RECEIVED: USER anonymous
[ INFO] 2019-03-17 12:33:24,809 [anonymous] [127.0.0.1] SENT: 331 Guest login okay, send your complete e-mail address as password.

[ INFO] 2019-03-17 12:33:24,809 [anonymous] [127.0.0.1] RECEIVED: PASS *****
[ INFO] 2019-03-17 12:33:24,809 [anonymous] [127.0.0.1] Anonymous login success - Java11.0.2-redhat@
[ INFO] 2019-03-17 12:33:24,809 [anonymous] [127.0.0.1] SENT: 230 User logged in, proceed.

[ INFO] 2019-03-17 12:33:24,809 [anonymous] [127.0.0.1] RECEIVED: TYPE I
[ INFO] 2019-03-17 12:33:24,810 [anonymous] [127.0.0.1] SENT: 200 Command TYPE okay.

[ INFO] 2019-03-17 12:33:24,810 [anonymous] [127.0.0.1] RECEIVED: CWD test
[ INFO] 2019-03-17 12:33:24,810 [anonymous] [127.0.0.1] SENT: 250 Directory changed to /test

[ INFO] 2019-03-17 12:33:24,810 [anonymous] [127.0.0.1] RECEIVED: EPSV ALL
[ INFO] 2019-03-17 12:33:24,811 [anonymous] [127.0.0.1] SENT: 229 Entering Passive Mode (|||59648|)

[ INFO] 2019-03-17 12:33:24,811 [anonymous] [127.0.0.1] RECEIVED: EPSV
[ WARN] 2019-03-17 12:33:24,811 [anonymous] [127.0.0.1] Releasing unreserved passive port: 59648
[ INFO] 2019-03-17 12:33:24,811 [anonymous] [127.0.0.1] SENT: 229 Entering Passive Mode (|||59649|)

[ INFO] 2019-03-17 12:33:24,813 [anonymous] [127.0.0.1] RECEIVED: RETR ServiceInversion.class
[ INFO] 2019-03-17 12:33:25,166 [anonymous] [127.0.0.1] File downloaded /test/ServiceInversion.class
[ WARN] 2019-03-17 12:33:25,166 [anonymous] [127.0.0.1] Releasing unreserved passive port: 59649
[ INFO] 2019-03-17 12:33:25,166 [anonymous] [127.0.0.1] SENT: 150 File status okay; about to open data connection.

[ INFO] 2019-03-17 12:33:25,166 [anonymous] [127.0.0.1] SENT: 226 Transfer complete.

[ INFO] 2019-03-17 12:33:25,166 [anonymous] [127.0.0.1] RECEIVED: QUIT
[ INFO] 2019-03-17 12:33:25,167 [anonymous] [127.0.0.1] SENT: 221 Goodbye.

[ INFO] 2019-03-17 12:33:25,167 [anonymous] [127.0.0.1] CLOSED
[ INFO] 2019-03-17 12:36:09,351 [] [127.0.0.1] CREATED
[ INFO] 2019-03-17 12:36:09,352 [] [127.0.0.1] OPENED
[ INFO] 2019-03-17 12:36:09,352 [] [127.0.0.1] SENT: 220 Service ready for new user.

[ INFO] 2019-03-17 12:36:09,353 [] [127.0.0.1] RECEIVED: USER anonymous
[ INFO] 2019-03-17 12:36:09,354 [anonymous] [127.0.0.1] SENT: 331 Guest login okay, send your complete e-mail address as password.

[ INFO] 2019-03-17 12:36:09,354 [anonymous] [127.0.0.1] RECEIVED: PASS *****
[ INFO] 2019-03-17 12:36:09,354 [anonymous] [127.0.0.1] Anonymous login success - Java11.0.2-redhat@
[ INFO] 2019-03-17 12:36:09,354 [anonymous] [127.0.0.1] SENT: 230 User logged in, proceed.

[ INFO] 2019-03-17 12:36:09,354 [anonymous] [127.0.0.1] RECEIVED: TYPE I
[ INFO] 2019-03-17 12:36:09,354 [anonymous] [127.0.0.1] SENT: 200 Command TYPE okay.

[ INFO] 2019-03-17 12:36:09,354 [anonymous] [127.0.0.1] RECEIVED: CWD test
[ INFO] 2019-03-17 12:36:09,355 [anonymous] [127.0.0.1] SENT: 250 Directory changed to /test

[ INFO] 2019-03-17 12:36:09,355 [anonymous] [127.0.0.1] RECEIVED: EPSV ALL
[ INFO] 2019-03-17 12:36:09,356 [anonymous] [127.0.0.1] SENT: 229 Entering Passive Mode (|||59653|)

[ INFO] 2019-03-17 12:36:09,356 [anonymous] [127.0.0.1] RECEIVED: EPSV
[ WARN] 2019-03-17 12:36:09,356 [anonymous] [127.0.0.1] Releasing unreserved passive port: 59653
[ INFO] 2019-03-17 12:36:09,356 [anonymous] [127.0.0.1] SENT: 229 Entering Passive Mode (|||59654|)

[ INFO] 2019-03-17 12:36:09,358 [anonymous] [127.0.0.1] RECEIVED: RETR ServiceInversion.class
[ INFO] 2019-03-17 12:36:09,710 [anonymous] [127.0.0.1] File downloaded /test/ServiceInversion.class
[ WARN] 2019-03-17 12:36:09,710 [anonymous] [127.0.0.1] Releasing unreserved passive port: 59654
[ INFO] 2019-03-17 12:36:09,710 [anonymous] [127.0.0.1] SENT: 150 File status okay; about to open data connection.

[ INFO] 2019-03-17 12:36:09,711 [anonymous] [127.0.0.1] SENT: 226 Transfer complete.

[ INFO] 2019-03-17 12:36:09,711 [anonymous] [127.0.0.1] RECEIVED: QUIT
[ INFO] 2019-03-17 12:36:09,711 [anonymous] [127.0.0.1] SENT: 221 Goodbye.

[ INFO] 2019-03-17 12:36:09,711 [anonymous] [127.0.0.1] CLOSED
[ INFO] 2019-03-17 12:37:06,688 [] [127.0.0.1] CREATED
[ INFO] 2019-03-17 12:37:06,688 [] [127.0.0.1] OPENED
[ INFO] 2019-03-17 12:37:06,689 [] [127.0.0.1] SENT: 220 Service ready for new user.

[ INFO] 2019-03-17 12:37:06,690 [] [127.0.0.1] RECEIVED: USER anonymous
[ INFO] 2019-03-17 12:37:06,690 [anonymous] [127.0.0.1] SENT: 331 Guest login okay, send your complete e-mail address as password.

[ INFO] 2019-03-17 12:37:06,690 [anonymous] [127.0.0.1] RECEIVED: PASS *****
[ INFO] 2019-03-17 12:37:06,690 [anonymous] [127.0.0.1] Anonymous login success - Java11.0.2-redhat@
[ INFO] 2019-03-17 12:37:06,690 [anonymous] [127.0.0.1] SENT: 230 User logged in, proceed.

[ INFO] 2019-03-17 12:37:06,690 [anonymous] [127.0.0.1] RECEIVED: TYPE I
[ INFO] 2019-03-17 12:37:06,691 [anonymous] [127.0.0.1] SENT: 200 Command TYPE okay.

[ INFO] 2019-03-17 12:37:06,691 [anonymous] [127.0.0.1] RECEIVED: CWD test
[ INFO] 2019-03-17 12:37:06,691 [anonymous] [127.0.0.1] SENT: 250 Directory changed to /test

[ INFO] 2019-03-17 12:37:06,691 [anonymous] [127.0.0.1] RECEIVED: EPSV ALL
[ INFO] 2019-03-17 12:37:06,692 [anonymous] [127.0.0.1] SENT: 229 Entering Passive Mode (|||59659|)

[ INFO] 2019-03-17 12:37:06,692 [anonymous] [127.0.0.1] RECEIVED: EPSV
[ WARN] 2019-03-17 12:37:06,692 [anonymous] [127.0.0.1] Releasing unreserved passive port: 59659
[ INFO] 2019-03-17 12:37:06,692 [anonymous] [127.0.0.1] SENT: 229 Entering Passive Mode (|||59660|)

[ INFO] 2019-03-17 12:37:06,694 [anonymous] [127.0.0.1] RECEIVED: RETR ServiceInversion.class
[ INFO] 2019-03-17 12:37:07,046 [anonymous] [127.0.0.1] File downloaded /test/ServiceInversion.class
[ WARN] 2019-03-17 12:37:07,046 [anonymous] [127.0.0.1] Releasing unreserved passive port: 59660
[ INFO] 2019-03-17 12:37:07,046 [anonymous] [127.0.0.1] SENT: 150 File status okay; about to open data connection.

[ INFO] 2019-03-17 12:37:07,046 [anonymous] [127.0.0.1] SENT: 226 Transfer complete.

[ INFO] 2019-03-17 12:37:07,047 [anonymous] [127.0.0.1] RECEIVED: QUIT
[ INFO] 2019-03-17 12:37:07,047 [anonymous] [127.0.0.1] SENT: 221 Goodbye.

[ INFO] 2019-03-17 12:37:07,047 [anonymous] [127.0.0.1] CLOSED
[ INFO] 2019-03-17 12:49:07,338 [] [127.0.0.1] CREATED
[ INFO] 2019-03-17 12:49:07,338 [] [127.0.0.1] OPENED
[ INFO] 2019-03-17 12:49:07,339 [] [127.0.0.1] SENT: 220 Service ready for new user.

[ INFO] 2019-03-17 12:49:07,340 [] [127.0.0.1] RECEIVED: USER anonymous
[ INFO] 2019-03-17 12:49:07,340 [anonymous] [127.0.0.1] SENT: 331 Guest login okay, send your complete e-mail address as password.

[ INFO] 2019-03-17 12:49:07,340 [anonymous] [127.0.0.1] RECEIVED: PASS *****
[ INFO] 2019-03-17 12:49:07,341 [anonymous] [127.0.0.1] Anonymous login success - Java11.0.2-redhat@
[ INFO] 2019-03-17 12:49:07,341 [anonymous] [127.0.0.1] SENT: 230 User logged in, proceed.

[ INFO] 2019-03-17 12:49:07,341 [anonymous] [127.0.0.1] RECEIVED: TYPE I
[ INFO] 2019-03-17 12:49:07,341 [anonymous] [127.0.0.1] SENT: 200 Command TYPE okay.

[ INFO] 2019-03-17 12:49:07,341 [anonymous] [127.0.0.1] RECEIVED: CWD test
[ INFO] 2019-03-17 12:49:07,341 [anonymous] [127.0.0.1] SENT: 250 Directory changed to /test

[ INFO] 2019-03-17 12:49:07,342 [anonymous] [127.0.0.1] RECEIVED: EPSV ALL
[ INFO] 2019-03-17 12:49:07,342 [anonymous] [127.0.0.1] SENT: 229 Entering Passive Mode (|||59694|)

[ INFO] 2019-03-17 12:49:07,342 [anonymous] [127.0.0.1] RECEIVED: EPSV
[ WARN] 2019-03-17 12:49:07,342 [anonymous] [127.0.0.1] Releasing unreserved passive port: 59694
[ INFO] 2019-03-17 12:49:07,343 [anonymous] [127.0.0.1] SENT: 229 Entering Passive Mode (|||59695|)

[ INFO] 2019-03-17 12:49:07,344 [anonymous] [127.0.0.1] RECEIVED: RETR ServiceInversion.class
[ INFO] 2019-03-17 12:49:07,698 [anonymous] [127.0.0.1] File downloaded /test/ServiceInversion.class
[ WARN] 2019-03-17 12:49:07,698 [anonymous] [127.0.0.1] Releasing unreserved passive port: 59695
[ INFO] 2019-03-17 12:49:07,698 [anonymous] [127.0.0.1] SENT: 150 File status okay; about to open data connection.

[ INFO] 2019-03-17 12:49:07,698 [anonymous] [127.0.0.1] SENT: 226 Transfer complete.

[ INFO] 2019-03-17 12:49:07,698 [anonymous] [127.0.0.1] RECEIVED: QUIT
[ INFO] 2019-03-17 12:49:07,699 [anonymous] [127.0.0.1] SENT: 221 Goodbye.

[ INFO] 2019-03-17 12:49:07,700 [anonymous] [127.0.0.1] CLOSED
[ INFO] 2019-03-17 12:49:22,277 [] [127.0.0.1] CREATED
[ INFO] 2019-03-17 12:49:22,278 [] [127.0.0.1] OPENED
[ INFO] 2019-03-17 12:49:22,278 [] [127.0.0.1] SENT: 220 Service ready for new user.

[ INFO] 2019-03-17 12:49:22,279 [] [127.0.0.1] RECEIVED: USER anonymous
[ INFO] 2019-03-17 12:49:22,279 [anonymous] [127.0.0.1] SENT: 331 Guest login okay, send your complete e-mail address as password.

[ INFO] 2019-03-17 12:49:22,279 [anonymous] [127.0.0.1] RECEIVED: PASS *****
[ INFO] 2019-03-17 12:49:22,279 [anonymous] [127.0.0.1] Anonymous login success - Java11.0.2-redhat@
[ INFO] 2019-03-17 12:49:22,279 [anonymous] [127.0.0.1] SENT: 230 User logged in, proceed.

[ INFO] 2019-03-17 12:49:22,279 [anonymous] [127.0.0.1] RECEIVED: TYPE I
[ INFO] 2019-03-17 12:49:22,280 [anonymous] [127.0.0.1] SENT: 200 Command TYPE okay.

[ INFO] 2019-03-17 12:49:22,280 [anonymous] [127.0.0.1] RECEIVED: CWD test
[ INFO] 2019-03-17 12:49:22,280 [anonymous] [127.0.0.1] SENT: 250 Directory changed to /test

[ INFO] 2019-03-17 12:49:22,280 [anonymous] [127.0.0.1] RECEIVED: EPSV ALL
[ INFO] 2019-03-17 12:49:22,281 [anonymous] [127.0.0.1] SENT: 229 Entering Passive Mode (|||59698|)

[ INFO] 2019-03-17 12:49:22,281 [anonymous] [127.0.0.1] RECEIVED: EPSV
[ WARN] 2019-03-17 12:49:22,281 [anonymous] [127.0.0.1] Releasing unreserved passive port: 59698
[ INFO] 2019-03-17 12:49:22,281 [anonymous] [127.0.0.1] SENT: 229 Entering Passive Mode (|||59699|)

[ INFO] 2019-03-17 12:49:22,282 [anonymous] [127.0.0.1] RECEIVED: RETR ServiceInversion.class
[ INFO] 2019-03-17 12:49:22,684 [anonymous] [127.0.0.1] File downloaded /test/ServiceInversion.class
[ WARN] 2019-03-17 12:49:22,684 [anonymous] [127.0.0.1] Releasing unreserved passive port: 59699
[ INFO] 2019-03-17 12:49:22,684 [anonymous] [127.0.0.1] SENT: 150 File status okay; about to open data connection.

[ INFO] 2019-03-17 12:49:22,684 [anonymous] [127.0.0.1] SENT: 226 Transfer complete.

[ INFO] 2019-03-17 12:49:22,684 [anonymous] [127.0.0.1] RECEIVED: QUIT
[ INFO] 2019-03-17 12:49:22,685 [anonymous] [127.0.0.1] SENT: 221 Goodbye.

[ INFO] 2019-03-17 12:49:22,685 [anonymous] [127.0.0.1] CLOSED
[ INFO] 2019-03-17 12:51:20,629 [] [127.0.0.1] CREATED
[ INFO] 2019-03-17 12:51:20,630 [] [127.0.0.1] OPENED
[ INFO] 2019-03-17 12:51:20,630 [] [127.0.0.1] SENT: 220 Service ready for new user.

[ INFO] 2019-03-17 12:51:20,630 [] [127.0.0.1] RECEIVED: USER anonymous
[ INFO] 2019-03-17 12:51:20,631 [anonymous] [127.0.0.1] SENT: 331 Guest login okay, send your complete e-mail address as password.

[ INFO] 2019-03-17 12:51:20,631 [anonymous] [127.0.0.1] RECEIVED: PASS *****
[ INFO] 2019-03-17 12:51:20,631 [anonymous] [127.0.0.1] Anonymous login success - Java11.0.2-redhat@
[ INFO] 2019-03-17 12:51:20,631 [anonymous] [127.0.0.1] SENT: 230 User logged in, proceed.

[ INFO] 2019-03-17 12:51:20,631 [anonymous] [127.0.0.1] RECEIVED: TYPE I
[ INFO] 2019-03-17 12:51:20,631 [anonymous] [127.0.0.1] SENT: 200 Command TYPE okay.

[ INFO] 2019-03-17 12:51:20,631 [anonymous] [127.0.0.1] RECEIVED: CWD test
[ INFO] 2019-03-17 12:51:20,632 [anonymous] [127.0.0.1] SENT: 250 Directory changed to /test

[ INFO] 2019-03-17 12:51:20,632 [anonymous] [127.0.0.1] RECEIVED: EPSV ALL
[ INFO] 2019-03-17 12:51:20,632 [anonymous] [127.0.0.1] SENT: 229 Entering Passive Mode (|||59702|)

[ INFO] 2019-03-17 12:51:20,633 [anonymous] [127.0.0.1] RECEIVED: EPSV
[ WARN] 2019-03-17 12:51:20,633 [anonymous] [127.0.0.1] Releasing unreserved passive port: 59702
[ INFO] 2019-03-17 12:51:20,633 [anonymous] [127.0.0.1] SENT: 229 Entering Passive Mode (|||59703|)

[ INFO] 2019-03-17 12:51:20,633 [anonymous] [127.0.0.1] RECEIVED: RETR ServiceInversion.class
[ INFO] 2019-03-17 12:51:20,987 [anonymous] [127.0.0.1] File downloaded /test/ServiceInversion.class
[ WARN] 2019-03-17 12:51:20,987 [anonymous] [127.0.0.1] Releasing unreserved passive port: 59703
[ INFO] 2019-03-17 12:51:20,987 [anonymous] [127.0.0.1] SENT: 150 File status okay; about to open data connection.

[ INFO] 2019-03-17 12:51:20,987 [anonymous] [127.0.0.1] SENT: 226 Transfer complete.

[ INFO] 2019-03-17 12:51:20,987 [anonymous] [127.0.0.1] RECEIVED: QUIT
[ INFO] 2019-03-17 12:51:20,988 [anonymous] [127.0.0.1] SENT: 221 Goodbye.

[ INFO] 2019-03-17 12:51:20,988 [anonymous] [127.0.0.1] CLOSED
[ INFO] 2019-03-17 12:52:56,957 [] [127.0.0.1] CREATED
[ INFO] 2019-03-17 12:52:56,957 [] [127.0.0.1] OPENED
[ INFO] 2019-03-17 12:52:56,958 [] [127.0.0.1] SENT: 220 Service ready for new user.

[ INFO] 2019-03-17 12:52:56,958 [] [127.0.0.1] RECEIVED: USER anonymous
[ INFO] 2019-03-17 12:52:56,958 [anonymous] [127.0.0.1] SENT: 331 Guest login okay, send your complete e-mail address as password.

[ INFO] 2019-03-17 12:52:56,958 [anonymous] [127.0.0.1] RECEIVED: PASS *****
[ INFO] 2019-03-17 12:52:56,959 [anonymous] [127.0.0.1] Anonymous login success - Java11.0.2-redhat@
[ INFO] 2019-03-17 12:52:56,959 [anonymous] [127.0.0.1] SENT: 230 User logged in, proceed.

[ INFO] 2019-03-17 12:52:56,959 [anonymous] [127.0.0.1] RECEIVED: TYPE I
[ INFO] 2019-03-17 12:52:56,959 [anonymous] [127.0.0.1] SENT: 200 Command TYPE okay.

[ INFO] 2019-03-17 12:52:56,959 [anonymous] [127.0.0.1] RECEIVED: CWD test
[ INFO] 2019-03-17 12:52:56,960 [anonymous] [127.0.0.1] SENT: 250 Directory changed to /test

[ INFO] 2019-03-17 12:52:56,960 [anonymous] [127.0.0.1] RECEIVED: EPSV ALL
[ INFO] 2019-03-17 12:52:56,960 [anonymous] [127.0.0.1] SENT: 229 Entering Passive Mode (|||59708|)

[ INFO] 2019-03-17 12:52:56,960 [anonymous] [127.0.0.1] RECEIVED: EPSV
[ WARN] 2019-03-17 12:52:56,960 [anonymous] [127.0.0.1] Releasing unreserved passive port: 59708
[ INFO] 2019-03-17 12:52:56,961 [anonymous] [127.0.0.1] SENT: 229 Entering Passive Mode (|||59709|)

[ INFO] 2019-03-17 12:52:56,961 [anonymous] [127.0.0.1] RECEIVED: RETR dsfsdf.class
[ WARN] 2019-03-17 12:52:56,962 [anonymous] [127.0.0.1] Releasing unreserved passive port: 59709
[ INFO] 2019-03-17 12:52:56,962 [anonymous] [127.0.0.1] SENT: 550 /test/dsfsdf.class: No such file or directory.

[ INFO] 2019-03-17 12:52:56,962 [anonymous] [127.0.0.1] RECEIVED: CWD test
[ INFO] 2019-03-17 12:52:56,962 [anonymous] [127.0.0.1] SENT: 550 No such directory.

[ INFO] 2019-03-17 12:52:56,962 [anonymous] [127.0.0.1] RECEIVED: QUIT
[ INFO] 2019-03-17 12:52:56,963 [anonymous] [127.0.0.1] SENT: 221 Goodbye.

[ INFO] 2019-03-17 12:52:56,963 [anonymous] [127.0.0.1] CLOSED
[ INFO] 2019-03-17 13:07:51,977 [] [127.0.0.1] CREATED
[ INFO] 2019-03-17 13:07:51,979 [] [127.0.0.1] OPENED
[ INFO] 2019-03-17 13:07:51,979 [] [127.0.0.1] SENT: 220 Service ready for new user.

[ INFO] 2019-03-17 13:07:51,980 [] [127.0.0.1] RECEIVED: USER anonymous
[ INFO] 2019-03-17 13:07:51,981 [anonymous] [127.0.0.1] SENT: 331 Guest login okay, send your complete e-mail address as password.

[ INFO] 2019-03-17 13:07:51,981 [anonymous] [127.0.0.1] RECEIVED: PASS *****
[ INFO] 2019-03-17 13:07:51,981 [anonymous] [127.0.0.1] Anonymous login success - Java11.0.2-redhat@
[ INFO] 2019-03-17 13:07:51,981 [anonymous] [127.0.0.1] SENT: 230 User logged in, proceed.

[ INFO] 2019-03-17 13:07:51,981 [anonymous] [127.0.0.1] RECEIVED: TYPE I
[ INFO] 2019-03-17 13:07:51,981 [anonymous] [127.0.0.1] SENT: 200 Command TYPE okay.

[ INFO] 2019-03-17 13:07:51,981 [anonymous] [127.0.0.1] RECEIVED: CWD test
[ INFO] 2019-03-17 13:07:51,982 [anonymous] [127.0.0.1] SENT: 250 Directory changed to /test

[ INFO] 2019-03-17 13:07:51,982 [anonymous] [127.0.0.1] RECEIVED: EPSV ALL
[ INFO] 2019-03-17 13:07:51,983 [anonymous] [127.0.0.1] SENT: 229 Entering Passive Mode (|||59737|)

[ INFO] 2019-03-17 13:07:51,983 [anonymous] [127.0.0.1] RECEIVED: EPSV
[ WARN] 2019-03-17 13:07:51,983 [anonymous] [127.0.0.1] Releasing unreserved passive port: 59737
[ INFO] 2019-03-17 13:07:51,983 [anonymous] [127.0.0.1] SENT: 229 Entering Passive Mode (|||59738|)

[ INFO] 2019-03-17 13:07:51,985 [anonymous] [127.0.0.1] RECEIVED: RETR ServiceInversion.class
[ INFO] 2019-03-17 13:07:52,337 [anonymous] [127.0.0.1] File downloaded /test/ServiceInversion.class
[ WARN] 2019-03-17 13:07:52,337 [anonymous] [127.0.0.1] Releasing unreserved passive port: 59738
[ INFO] 2019-03-17 13:07:52,337 [anonymous] [127.0.0.1] SENT: 150 File status okay; about to open data connection.

[ INFO] 2019-03-17 13:07:52,337 [anonymous] [127.0.0.1] SENT: 226 Transfer complete.

[ INFO] 2019-03-17 13:07:52,338 [anonymous] [127.0.0.1] RECEIVED: QUIT
[ INFO] 2019-03-17 13:07:52,338 [anonymous] [127.0.0.1] SENT: 221 Goodbye.

[ INFO] 2019-03-17 13:07:52,338 [anonymous] [127.0.0.1] CLOSED
[ INFO] 2019-03-17 16:17:01,504 [] [] Refreshing org.springframework.context.support.FileSystemXmlApplicationContext@10a035a0: display name [org.springframework.context.support.FileSystemXmlApplicationContext@10a035a0]; startup date [Sun Mar 17 16:17:01 CET 2019]; root of context hierarchy
[ INFO] 2019-03-17 16:17:01,541 [] [] Loading XML bean definitions from file [C:\Users\Sacha\git\dut_a2_appref_bri\vendor\apache-ftpserver-1.1.0\res\conf\ftpd-typical.xml]
[ INFO] 2019-03-17 16:17:02,054 [] [] Bean factory for application context [org.springframework.context.support.FileSystemXmlApplicationContext@10a035a0]: org.springframework.beans.factory.support.DefaultListableBeanFactory@a2431d0
[ INFO] 2019-03-17 16:17:02,064 [] [] Pre-instantiating singletons in org.springframework.beans.factory.support.DefaultListableBeanFactory@a2431d0: defining beans [org.apache.ftpserver.listener.ListenerFactory#0,org.apache.ftpserver.usermanager.PropertiesUserManagerFactory#0,org.apache.ftpserver.FtpServerFactory#0,myServer]; root of factory hierarchy
[ INFO] 2019-03-17 16:17:02,211 [] [] FTP server started
[ INFO] 2019-03-17 16:17:05,326 [] [0:0:0:0:0:0:0:1] CREATED
[ INFO] 2019-03-17 16:17:05,334 [] [0:0:0:0:0:0:0:1] OPENED
[ INFO] 2019-03-17 16:17:05,341 [] [0:0:0:0:0:0:0:1] SENT: 220 Service ready for new user.

[ INFO] 2019-03-17 16:17:05,344 [] [0:0:0:0:0:0:0:1] RECEIVED: USER anonymous
[ INFO] 2019-03-17 16:17:05,347 [anonymous] [0:0:0:0:0:0:0:1] SENT: 331 Guest login okay, send your complete e-mail address as password.

[ INFO] 2019-03-17 16:17:05,347 [anonymous] [0:0:0:0:0:0:0:1] RECEIVED: PASS *****
[ INFO] 2019-03-17 16:17:05,351 [anonymous] [0:0:0:0:0:0:0:1] Anonymous login success - chrome@example.com
[ INFO] 2019-03-17 16:17:05,351 [anonymous] [0:0:0:0:0:0:0:1] SENT: 230 User logged in, proceed.

[ INFO] 2019-03-17 16:17:05,351 [anonymous] [0:0:0:0:0:0:0:1] RECEIVED: SYST
[ INFO] 2019-03-17 16:17:05,352 [anonymous] [0:0:0:0:0:0:0:1] SENT: 215 UNIX Type: Apache FtpServer

[ INFO] 2019-03-17 16:17:05,355 [anonymous] [0:0:0:0:0:0:0:1] RECEIVED: PWD
[ INFO] 2019-03-17 16:17:05,357 [anonymous] [0:0:0:0:0:0:0:1] SENT: 257 "/" is current directory.

[ INFO] 2019-03-17 16:17:05,357 [anonymous] [0:0:0:0:0:0:0:1] RECEIVED: TYPE I
[ INFO] 2019-03-17 16:17:05,358 [anonymous] [0:0:0:0:0:0:0:1] SENT: 200 Command TYPE okay.

[ INFO] 2019-03-17 16:17:05,358 [anonymous] [0:0:0:0:0:0:0:1] RECEIVED: SIZE /
[ INFO] 2019-03-17 16:17:05,358 [anonymous] [0:0:0:0:0:0:0:1] SENT: 550 /: Not a plain file.

[ INFO] 2019-03-17 16:17:05,359 [anonymous] [0:0:0:0:0:0:0:1] RECEIVED: CWD /
[ INFO] 2019-03-17 16:17:05,360 [anonymous] [0:0:0:0:0:0:0:1] SENT: 250 Directory changed to /

[ INFO] 2019-03-17 16:17:05,360 [anonymous] [0:0:0:0:0:0:0:1] RECEIVED: EPSV
[ INFO] 2019-03-17 16:17:05,363 [anonymous] [0:0:0:0:0:0:0:1] SENT: 229 Entering Passive Mode (|||63042|)

[ INFO] 2019-03-17 16:17:05,363 [anonymous] [0:0:0:0:0:0:0:1] RECEIVED: LIST -l
[ WARN] 2019-03-17 16:17:05,376 [anonymous] [0:0:0:0:0:0:0:1] Releasing unreserved passive port: 63042
[ INFO] 2019-03-17 16:17:05,376 [anonymous] [0:0:0:0:0:0:0:1] SENT: 150 File status okay; about to open data connection.

[ INFO] 2019-03-17 16:17:05,376 [anonymous] [0:0:0:0:0:0:0:1] CLOSED
[ INFO] 2019-03-17 17:00:18,550 [] [127.0.0.1] CREATED
[ INFO] 2019-03-17 17:00:18,552 [] [127.0.0.1] OPENED
[ INFO] 2019-03-17 17:00:18,553 [] [127.0.0.1] SENT: 220 Service ready for new user.

[ INFO] 2019-03-17 17:00:18,555 [] [127.0.0.1] RECEIVED: USER anonymous
[ INFO] 2019-03-17 17:00:18,555 [anonymous] [127.0.0.1] SENT: 331 Guest login okay, send your complete e-mail address as password.

[ INFO] 2019-03-17 17:00:18,555 [anonymous] [127.0.0.1] RECEIVED: PASS *****
[ INFO] 2019-03-17 17:00:18,556 [anonymous] [127.0.0.1] Anonymous login success - Java11.0.2-redhat@
[ INFO] 2019-03-17 17:00:18,556 [anonymous] [127.0.0.1] SENT: 230 User logged in, proceed.

[ INFO] 2019-03-17 17:00:18,556 [anonymous] [127.0.0.1] RECEIVED: TYPE I
[ INFO] 2019-03-17 17:00:18,557 [anonymous] [127.0.0.1] SENT: 200 Command TYPE okay.

[ INFO] 2019-03-17 17:00:18,557 [anonymous] [127.0.0.1] RECEIVED: EPSV ALL
[ INFO] 2019-03-17 17:00:18,558 [anonymous] [127.0.0.1] SENT: 229 Entering Passive Mode (|||63398|)

[ INFO] 2019-03-17 17:00:18,558 [anonymous] [127.0.0.1] RECEIVED: EPSV
[ WARN] 2019-03-17 17:00:18,559 [anonymous] [127.0.0.1] Releasing unreserved passive port: 63398
[ INFO] 2019-03-17 17:00:18,560 [anonymous] [127.0.0.1] SENT: 229 Entering Passive Mode (|||63399|)

[ INFO] 2019-03-17 17:00:18,561 [anonymous] [127.0.0.1] RECEIVED: RETR XML.xml
[ INFO] 2019-03-17 17:00:19,521 [anonymous] [127.0.0.1] File downloaded /XML.xml
[ WARN] 2019-03-17 17:00:19,522 [anonymous] [127.0.0.1] Releasing unreserved passive port: 63399
[ INFO] 2019-03-17 17:00:19,522 [anonymous] [127.0.0.1] SENT: 150 File status okay; about to open data connection.

[ INFO] 2019-03-17 17:00:19,523 [anonymous] [127.0.0.1] SENT: 226 Transfer complete.

[ INFO] 2019-03-17 17:02:09,030 [] [127.0.0.1] CREATED
[ INFO] 2019-03-17 17:02:09,030 [] [127.0.0.1] OPENED
[ INFO] 2019-03-17 17:02:09,030 [] [127.0.0.1] SENT: 220 Service ready for new user.

[ INFO] 2019-03-17 17:02:09,035 [] [127.0.0.1] RECEIVED: USER anonymous
[ INFO] 2019-03-17 17:02:09,035 [anonymous] [127.0.0.1] SENT: 331 Guest login okay, send your complete e-mail address as password.

[ INFO] 2019-03-17 17:02:09,035 [anonymous] [127.0.0.1] RECEIVED: PASS *****
[ INFO] 2019-03-17 17:02:09,035 [anonymous] [127.0.0.1] Anonymous login success - Java11.0.2-redhat@
[ INFO] 2019-03-17 17:02:09,035 [anonymous] [127.0.0.1] SENT: 230 User logged in, proceed.

[ INFO] 2019-03-17 17:02:09,035 [anonymous] [127.0.0.1] RECEIVED: TYPE I
[ INFO] 2019-03-17 17:02:09,035 [anonymous] [127.0.0.1] SENT: 200 Command TYPE okay.

[ INFO] 2019-03-17 17:02:09,035 [anonymous] [127.0.0.1] RECEIVED: EPSV ALL
[ INFO] 2019-03-17 17:02:09,035 [anonymous] [127.0.0.1] SENT: 229 Entering Passive Mode (|||63402|)

[ INFO] 2019-03-17 17:02:09,035 [anonymous] [127.0.0.1] RECEIVED: EPSV
[ WARN] 2019-03-17 17:02:09,035 [anonymous] [127.0.0.1] Releasing unreserved passive port: 63402
[ INFO] 2019-03-17 17:02:09,040 [anonymous] [127.0.0.1] SENT: 229 Entering Passive Mode (|||63403|)

[ INFO] 2019-03-17 17:02:09,040 [anonymous] [127.0.0.1] RECEIVED: RETR XML.xml
[ INFO] 2019-03-17 17:02:10,035 [anonymous] [127.0.0.1] File downloaded /XML.xml
[ WARN] 2019-03-17 17:02:10,035 [anonymous] [127.0.0.1] Releasing unreserved passive port: 63403
[ INFO] 2019-03-17 17:02:10,035 [anonymous] [127.0.0.1] SENT: 150 File status okay; about to open data connection.

[ INFO] 2019-03-17 17:02:10,035 [anonymous] [127.0.0.1] SENT: 226 Transfer complete.

[ INFO] 2019-03-17 17:02:10,040 [anonymous] [127.0.0.1] RECEIVED: QUIT
[ INFO] 2019-03-17 17:02:10,040 [anonymous] [127.0.0.1] SENT: 221 Goodbye.

[ INFO] 2019-03-17 17:02:10,040 [anonymous] [127.0.0.1] CLOSED
[ INFO] 2019-03-17 17:05:20,123 [anonymous] [127.0.0.1] IDLE
[ INFO] 2019-03-17 17:05:20,124 [anonymous] [127.0.0.1] Session idle, closing
[ INFO] 2019-03-17 17:05:20,126 [anonymous] [127.0.0.1] CLOSED
[ INFO] 2019-03-17 17:14:08,178 [] [127.0.0.1] CREATED
[ INFO] 2019-03-17 17:14:08,179 [] [127.0.0.1] OPENED
[ INFO] 2019-03-17 17:14:08,180 [] [127.0.0.1] SENT: 220 Service ready for new user.

[ INFO] 2019-03-17 17:14:08,182 [] [127.0.0.1] RECEIVED: USER anonymous
[ INFO] 2019-03-17 17:14:08,182 [anonymous] [127.0.0.1] SENT: 331 Guest login okay, send your complete e-mail address as password.

[ INFO] 2019-03-17 17:14:08,182 [anonymous] [127.0.0.1] RECEIVED: PASS *****
[ INFO] 2019-03-17 17:14:08,183 [anonymous] [127.0.0.1] Anonymous login success - Java11.0.2-redhat@
[ INFO] 2019-03-17 17:14:08,183 [anonymous] [127.0.0.1] SENT: 230 User logged in, proceed.

[ INFO] 2019-03-17 17:14:08,183 [anonymous] [127.0.0.1] RECEIVED: TYPE I
[ INFO] 2019-03-17 17:14:08,184 [anonymous] [127.0.0.1] SENT: 200 Command TYPE okay.

[ INFO] 2019-03-17 17:14:08,184 [anonymous] [127.0.0.1] RECEIVED: EPSV ALL
[ INFO] 2019-03-17 17:14:08,185 [anonymous] [127.0.0.1] SENT: 229 Entering Passive Mode (|||63524|)

[ INFO] 2019-03-17 17:14:08,185 [anonymous] [127.0.0.1] RECEIVED: EPSV
[ WARN] 2019-03-17 17:14:08,186 [anonymous] [127.0.0.1] Releasing unreserved passive port: 63524
[ INFO] 2019-03-17 17:14:08,187 [anonymous] [127.0.0.1] SENT: 229 Entering Passive Mode (|||63525|)

[ INFO] 2019-03-17 17:14:08,188 [anonymous] [127.0.0.1] RECEIVED: RETR XML.xml
[ INFO] 2019-03-17 17:14:09,148 [anonymous] [127.0.0.1] File downloaded /XML.xml
[ WARN] 2019-03-17 17:14:09,149 [anonymous] [127.0.0.1] Releasing unreserved passive port: 63525
[ INFO] 2019-03-17 17:14:09,149 [anonymous] [127.0.0.1] SENT: 150 File status okay; about to open data connection.

[ INFO] 2019-03-17 17:14:09,150 [anonymous] [127.0.0.1] SENT: 226 Transfer complete.

[ INFO] 2019-03-17 17:14:09,159 [anonymous] [127.0.0.1] RECEIVED: QUIT
[ INFO] 2019-03-17 17:14:09,159 [anonymous] [127.0.0.1] SENT: 221 Goodbye.

[ INFO] 2019-03-17 17:14:09,160 [anonymous] [127.0.0.1] CLOSED
[ INFO] 2019-03-17 17:15:07,103 [] [127.0.0.1] CREATED
[ INFO] 2019-03-17 17:15:07,104 [] [127.0.0.1] OPENED
[ INFO] 2019-03-17 17:15:07,105 [] [127.0.0.1] SENT: 220 Service ready for new user.

[ INFO] 2019-03-17 17:15:07,107 [] [127.0.0.1] RECEIVED: USER anonymous
[ INFO] 2019-03-17 17:15:07,107 [anonymous] [127.0.0.1] SENT: 331 Guest login okay, send your complete e-mail address as password.

[ INFO] 2019-03-17 17:15:07,107 [anonymous] [127.0.0.1] RECEIVED: PASS *****
[ INFO] 2019-03-17 17:15:07,107 [anonymous] [127.0.0.1] Anonymous login success - Java11.0.2-redhat@
[ INFO] 2019-03-17 17:15:07,108 [anonymous] [127.0.0.1] SENT: 230 User logged in, proceed.

[ INFO] 2019-03-17 17:15:07,108 [anonymous] [127.0.0.1] RECEIVED: TYPE I
[ INFO] 2019-03-17 17:15:07,108 [anonymous] [127.0.0.1] SENT: 200 Command TYPE okay.

[ INFO] 2019-03-17 17:15:07,109 [anonymous] [127.0.0.1] RECEIVED: EPSV ALL
[ INFO] 2019-03-17 17:15:07,110 [anonymous] [127.0.0.1] SENT: 229 Entering Passive Mode (|||63529|)

[ INFO] 2019-03-17 17:15:07,110 [anonymous] [127.0.0.1] RECEIVED: EPSV
[ WARN] 2019-03-17 17:15:07,111 [anonymous] [127.0.0.1] Releasing unreserved passive port: 63529
[ INFO] 2019-03-17 17:15:07,111 [anonymous] [127.0.0.1] SENT: 229 Entering Passive Mode (|||63530|)

[ INFO] 2019-03-17 17:15:07,113 [anonymous] [127.0.0.1] RECEIVED: RETR XML.xml
[ INFO] 2019-03-17 17:15:08,073 [anonymous] [127.0.0.1] File downloaded /XML.xml
[ WARN] 2019-03-17 17:15:08,074 [anonymous] [127.0.0.1] Releasing unreserved passive port: 63530
[ INFO] 2019-03-17 17:15:08,074 [anonymous] [127.0.0.1] SENT: 150 File status okay; about to open data connection.

[ INFO] 2019-03-17 17:15:08,074 [anonymous] [127.0.0.1] SENT: 226 Transfer complete.

[ INFO] 2019-03-17 17:15:08,083 [anonymous] [127.0.0.1] RECEIVED: QUIT
[ INFO] 2019-03-17 17:15:08,084 [anonymous] [127.0.0.1] SENT: 221 Goodbye.

[ INFO] 2019-03-17 17:15:08,084 [anonymous] [127.0.0.1] CLOSED
[ INFO] 2019-03-17 17:28:21,180 [] [127.0.0.1] CREATED
[ INFO] 2019-03-17 17:28:21,180 [] [127.0.0.1] OPENED
[ INFO] 2019-03-17 17:28:21,180 [] [127.0.0.1] SENT: 220 Service ready for new user.

[ INFO] 2019-03-17 17:28:21,185 [] [127.0.0.1] RECEIVED: USER anonymous
[ INFO] 2019-03-17 17:28:21,185 [anonymous] [127.0.0.1] SENT: 331 Guest login okay, send your complete e-mail address as password.

[ INFO] 2019-03-17 17:28:21,185 [anonymous] [127.0.0.1] RECEIVED: PASS *****
[ INFO] 2019-03-17 17:28:21,185 [anonymous] [127.0.0.1] Anonymous login success - Java11.0.2-redhat@
[ INFO] 2019-03-17 17:28:21,185 [anonymous] [127.0.0.1] SENT: 230 User logged in, proceed.

[ INFO] 2019-03-17 17:28:21,185 [anonymous] [127.0.0.1] RECEIVED: TYPE A
[ INFO] 2019-03-17 17:28:21,185 [anonymous] [127.0.0.1] SENT: 200 Command TYPE okay.

[ INFO] 2019-03-17 17:28:21,185 [anonymous] [127.0.0.1] RECEIVED: EPSV ALL
[ INFO] 2019-03-17 17:28:21,185 [anonymous] [127.0.0.1] SENT: 229 Entering Passive Mode (|||63596|)

[ INFO] 2019-03-17 17:28:21,185 [anonymous] [127.0.0.1] RECEIVED: EPSV
[ WARN] 2019-03-17 17:28:21,185 [anonymous] [127.0.0.1] Releasing unreserved passive port: 63596
[ INFO] 2019-03-17 17:28:21,185 [anonymous] [127.0.0.1] SENT: 229 Entering Passive Mode (|||63597|)

[ INFO] 2019-03-17 17:28:21,190 [anonymous] [127.0.0.1] RECEIVED: LIST
[ WARN] 2019-03-17 17:28:21,190 [anonymous] [127.0.0.1] Releasing unreserved passive port: 63597
[ INFO] 2019-03-17 17:28:21,190 [anonymous] [127.0.0.1] SENT: 150 File status okay; about to open data connection.

[ INFO] 2019-03-17 17:28:21,190 [anonymous] [127.0.0.1] SENT: 226 Closing data connection.

[ INFO] 2019-03-17 17:28:51,701 [] [127.0.0.1] CREATED
[ INFO] 2019-03-17 17:28:51,706 [] [127.0.0.1] OPENED
[ INFO] 2019-03-17 17:28:51,706 [] [127.0.0.1] SENT: 220 Service ready for new user.

[ INFO] 2019-03-17 17:28:51,706 [] [127.0.0.1] RECEIVED: USER anonymous
[ INFO] 2019-03-17 17:28:51,706 [anonymous] [127.0.0.1] SENT: 331 Guest login okay, send your complete e-mail address as password.

[ INFO] 2019-03-17 17:28:51,706 [anonymous] [127.0.0.1] RECEIVED: PASS *****
[ INFO] 2019-03-17 17:28:51,706 [anonymous] [127.0.0.1] Anonymous login success - Java11.0.2-redhat@
[ INFO] 2019-03-17 17:28:51,706 [anonymous] [127.0.0.1] SENT: 230 User logged in, proceed.

[ INFO] 2019-03-17 17:28:51,706 [anonymous] [127.0.0.1] RECEIVED: TYPE I
[ INFO] 2019-03-17 17:28:51,706 [anonymous] [127.0.0.1] SENT: 200 Command TYPE okay.

[ INFO] 2019-03-17 17:28:51,706 [anonymous] [127.0.0.1] RECEIVED: EPSV ALL
[ INFO] 2019-03-17 17:28:51,706 [anonymous] [127.0.0.1] SENT: 229 Entering Passive Mode (|||63600|)

[ INFO] 2019-03-17 17:28:51,706 [anonymous] [127.0.0.1] RECEIVED: EPSV
[ WARN] 2019-03-17 17:28:51,711 [anonymous] [127.0.0.1] Releasing unreserved passive port: 63600
[ INFO] 2019-03-17 17:28:51,711 [anonymous] [127.0.0.1] SENT: 229 Entering Passive Mode (|||63601|)

[ INFO] 2019-03-17 17:28:51,711 [anonymous] [127.0.0.1] RECEIVED: RETR XML.xml
[ INFO] 2019-03-17 17:28:52,706 [anonymous] [127.0.0.1] File downloaded /XML.xml
[ WARN] 2019-03-17 17:28:52,706 [anonymous] [127.0.0.1] Releasing unreserved passive port: 63601
[ INFO] 2019-03-17 17:28:52,706 [anonymous] [127.0.0.1] SENT: 150 File status okay; about to open data connection.

[ INFO] 2019-03-17 17:28:52,706 [anonymous] [127.0.0.1] SENT: 226 Transfer complete.

[ INFO] 2019-03-17 17:28:52,710 [anonymous] [127.0.0.1] RECEIVED: QUIT
[ INFO] 2019-03-17 17:28:52,710 [anonymous] [127.0.0.1] SENT: 221 Goodbye.

[ INFO] 2019-03-17 17:28:52,710 [anonymous] [127.0.0.1] CLOSED
[ INFO] 2019-03-17 17:28:52,715 [] [127.0.0.1] CREATED
[ INFO] 2019-03-17 17:28:52,715 [] [127.0.0.1] OPENED
[ INFO] 2019-03-17 17:28:52,715 [] [127.0.0.1] SENT: 220 Service ready for new user.

[ INFO] 2019-03-17 17:28:52,715 [] [127.0.0.1] RECEIVED: USER anonymous
[ INFO] 2019-03-17 17:28:52,715 [anonymous] [127.0.0.1] SENT: 331 Guest login okay, send your complete e-mail address as password.

[ INFO] 2019-03-17 17:28:52,715 [anonymous] [127.0.0.1] RECEIVED: PASS *****
[ INFO] 2019-03-17 17:28:52,715 [anonymous] [127.0.0.1] Anonymous login success - Java11.0.2-redhat@
[ INFO] 2019-03-17 17:28:52,715 [anonymous] [127.0.0.1] SENT: 230 User logged in, proceed.

[ INFO] 2019-03-17 17:28:52,715 [anonymous] [127.0.0.1] RECEIVED: TYPE I
[ INFO] 2019-03-17 17:28:52,715 [anonymous] [127.0.0.1] SENT: 200 Command TYPE okay.

[ INFO] 2019-03-17 17:28:52,715 [anonymous] [127.0.0.1] RECEIVED: EPSV ALL
[ INFO] 2019-03-17 17:28:52,720 [anonymous] [127.0.0.1] SENT: 229 Entering Passive Mode (|||63604|)

[ INFO] 2019-03-17 17:28:52,720 [anonymous] [127.0.0.1] RECEIVED: EPSV
[ WARN] 2019-03-17 17:28:52,720 [anonymous] [127.0.0.1] Releasing unreserved passive port: 63604
[ INFO] 2019-03-17 17:28:52,720 [anonymous] [127.0.0.1] SENT: 229 Entering Passive Mode (|||63605|)

[ INFO] 2019-03-17 17:28:52,720 [anonymous] [127.0.0.1] RECEIVED: STOR XML.xml.rapport.txt
[ WARN] 2019-03-17 17:28:52,720 [anonymous] [127.0.0.1] Releasing unreserved passive port: 63605
[ INFO] 2019-03-17 17:28:52,720 [anonymous] [127.0.0.1] SENT: 550 /XML.xml.rapport.txt: Permission denied.

[ INFO] 2019-03-17 17:29:52,711 [] [127.0.0.1] CREATED
[ INFO] 2019-03-17 17:29:52,711 [] [127.0.0.1] OPENED
[ INFO] 2019-03-17 17:29:52,711 [] [127.0.0.1] SENT: 220 Service ready for new user.

[ INFO] 2019-03-17 17:29:52,711 [] [127.0.0.1] RECEIVED: USER anonymous
[ INFO] 2019-03-17 17:29:52,711 [anonymous] [127.0.0.1] SENT: 421 Maximum login limit has been reached.

[ INFO] 2019-03-17 17:29:52,711 [anonymous] [127.0.0.1] CLOSED
[ WARN] 2019-03-17 17:30:04,024 [anonymous] [127.0.0.1] EXCEPTION :
java.io.IOException: Une connexion existante a dû être fermée par l’hôte distant
	at java.base/sun.nio.ch.SocketDispatcher.read0(Native Method)
	at java.base/sun.nio.ch.SocketDispatcher.read(SocketDispatcher.java:43)
	at java.base/sun.nio.ch.IOUtil.readIntoNativeBuffer(IOUtil.java:276)
	at java.base/sun.nio.ch.IOUtil.read(IOUtil.java:245)
	at java.base/sun.nio.ch.IOUtil.read(IOUtil.java:223)
	at java.base/sun.nio.ch.SocketChannelImpl.read(SocketChannelImpl.java:358)
	at org.apache.mina.transport.socket.nio.NioProcessor.read(NioProcessor.java:317)
	at org.apache.mina.transport.socket.nio.NioProcessor.read(NioProcessor.java:45)
	at org.apache.mina.core.polling.AbstractPollingIoProcessor.read(AbstractPollingIoProcessor.java:683)
	at org.apache.mina.core.polling.AbstractPollingIoProcessor.process(AbstractPollingIoProcessor.java:659)
	at org.apache.mina.core.polling.AbstractPollingIoProcessor.process(AbstractPollingIoProcessor.java:648)
	at org.apache.mina.core.polling.AbstractPollingIoProcessor.access$600(AbstractPollingIoProcessor.java:68)
	at org.apache.mina.core.polling.AbstractPollingIoProcessor$Processor.run(AbstractPollingIoProcessor.java:1120)
	at org.apache.mina.util.NamePreservingRunnable.run(NamePreservingRunnable.java:64)
	at java.base/java.util.concurrent.ThreadPoolExecutor.runWorker(ThreadPoolExecutor.java:1128)
	at java.base/java.util.concurrent.ThreadPoolExecutor$Worker.run(ThreadPoolExecutor.java:628)
	at java.base/java.lang.Thread.run(Thread.java:834)
[ WARN] 2019-03-17 17:30:04,024 [anonymous] [127.0.0.1] EXCEPTION :
java.io.IOException: Une connexion existante a dû être fermée par l’hôte distant
	at java.base/sun.nio.ch.SocketDispatcher.read0(Native Method)
	at java.base/sun.nio.ch.SocketDispatcher.read(SocketDispatcher.java:43)
	at java.base/sun.nio.ch.IOUtil.readIntoNativeBuffer(IOUtil.java:276)
	at java.base/sun.nio.ch.IOUtil.read(IOUtil.java:245)
	at java.base/sun.nio.ch.IOUtil.read(IOUtil.java:223)
	at java.base/sun.nio.ch.SocketChannelImpl.read(SocketChannelImpl.java:358)
	at org.apache.mina.transport.socket.nio.NioProcessor.read(NioProcessor.java:317)
	at org.apache.mina.transport.socket.nio.NioProcessor.read(NioProcessor.java:45)
	at org.apache.mina.core.polling.AbstractPollingIoProcessor.read(AbstractPollingIoProcessor.java:683)
	at org.apache.mina.core.polling.AbstractPollingIoProcessor.process(AbstractPollingIoProcessor.java:659)
	at org.apache.mina.core.polling.AbstractPollingIoProcessor.process(AbstractPollingIoProcessor.java:648)
	at org.apache.mina.core.polling.AbstractPollingIoProcessor.access$600(AbstractPollingIoProcessor.java:68)
	at org.apache.mina.core.polling.AbstractPollingIoProcessor$Processor.run(AbstractPollingIoProcessor.java:1120)
	at org.apache.mina.util.NamePreservingRunnable.run(NamePreservingRunnable.java:64)
	at java.base/java.util.concurrent.ThreadPoolExecutor.runWorker(ThreadPoolExecutor.java:1128)
	at java.base/java.util.concurrent.ThreadPoolExecutor$Worker.run(ThreadPoolExecutor.java:628)
	at java.base/java.lang.Thread.run(Thread.java:834)
[ERROR] 2019-03-17 17:30:04,029 [anonymous] [127.0.0.1] Exception caught, closing session
java.io.IOException: Une connexion existante a dû être fermée par l’hôte distant
	at java.base/sun.nio.ch.SocketDispatcher.read0(Native Method)
	at java.base/sun.nio.ch.SocketDispatcher.read(SocketDispatcher.java:43)
	at java.base/sun.nio.ch.IOUtil.readIntoNativeBuffer(IOUtil.java:276)
	at java.base/sun.nio.ch.IOUtil.read(IOUtil.java:245)
	at java.base/sun.nio.ch.IOUtil.read(IOUtil.java:223)
	at java.base/sun.nio.ch.SocketChannelImpl.read(SocketChannelImpl.java:358)
	at org.apache.mina.transport.socket.nio.NioProcessor.read(NioProcessor.java:317)
	at org.apache.mina.transport.socket.nio.NioProcessor.read(NioProcessor.java:45)
	at org.apache.mina.core.polling.AbstractPollingIoProcessor.read(AbstractPollingIoProcessor.java:683)
	at org.apache.mina.core.polling.AbstractPollingIoProcessor.process(AbstractPollingIoProcessor.java:659)
	at org.apache.mina.core.polling.AbstractPollingIoProcessor.process(AbstractPollingIoProcessor.java:648)
	at org.apache.mina.core.polling.AbstractPollingIoProcessor.access$600(AbstractPollingIoProcessor.java:68)
	at org.apache.mina.core.polling.AbstractPollingIoProcessor$Processor.run(AbstractPollingIoProcessor.java:1120)
	at org.apache.mina.util.NamePreservingRunnable.run(NamePreservingRunnable.java:64)
	at java.base/java.util.concurrent.ThreadPoolExecutor.runWorker(ThreadPoolExecutor.java:1128)
	at java.base/java.util.concurrent.ThreadPoolExecutor$Worker.run(ThreadPoolExecutor.java:628)
	at java.base/java.lang.Thread.run(Thread.java:834)
[ERROR] 2019-03-17 17:30:04,029 [anonymous] [127.0.0.1] Exception caught, closing session
java.io.IOException: Une connexion existante a dû être fermée par l’hôte distant
	at java.base/sun.nio.ch.SocketDispatcher.read0(Native Method)
	at java.base/sun.nio.ch.SocketDispatcher.read(SocketDispatcher.java:43)
	at java.base/sun.nio.ch.IOUtil.readIntoNativeBuffer(IOUtil.java:276)
	at java.base/sun.nio.ch.IOUtil.read(IOUtil.java:245)
	at java.base/sun.nio.ch.IOUtil.read(IOUtil.java:223)
	at java.base/sun.nio.ch.SocketChannelImpl.read(SocketChannelImpl.java:358)
	at org.apache.mina.transport.socket.nio.NioProcessor.read(NioProcessor.java:317)
	at org.apache.mina.transport.socket.nio.NioProcessor.read(NioProcessor.java:45)
	at org.apache.mina.core.polling.AbstractPollingIoProcessor.read(AbstractPollingIoProcessor.java:683)
	at org.apache.mina.core.polling.AbstractPollingIoProcessor.process(AbstractPollingIoProcessor.java:659)
	at org.apache.mina.core.polling.AbstractPollingIoProcessor.process(AbstractPollingIoProcessor.java:648)
	at org.apache.mina.core.polling.AbstractPollingIoProcessor.access$600(AbstractPollingIoProcessor.java:68)
	at org.apache.mina.core.polling.AbstractPollingIoProcessor$Processor.run(AbstractPollingIoProcessor.java:1120)
	at org.apache.mina.util.NamePreservingRunnable.run(NamePreservingRunnable.java:64)
	at java.base/java.util.concurrent.ThreadPoolExecutor.runWorker(ThreadPoolExecutor.java:1128)
	at java.base/java.util.concurrent.ThreadPoolExecutor$Worker.run(ThreadPoolExecutor.java:628)
	at java.base/java.lang.Thread.run(Thread.java:834)
[ INFO] 2019-03-17 17:30:04,029 [anonymous] [127.0.0.1] CLOSED
[ INFO] 2019-03-17 17:30:04,034 [anonymous] [127.0.0.1] CLOSED
[ INFO] 2019-03-17 17:30:56,965 [] [127.0.0.1] CREATED
[ INFO] 2019-03-17 17:30:56,965 [] [127.0.0.1] OPENED
[ INFO] 2019-03-17 17:30:56,965 [] [127.0.0.1] SENT: 220 Service ready for new user.

[ INFO] 2019-03-17 17:30:56,970 [] [127.0.0.1] RECEIVED: USER anonymous
[ INFO] 2019-03-17 17:30:56,970 [anonymous] [127.0.0.1] SENT: 331 Guest login okay, send your complete e-mail address as password.

[ INFO] 2019-03-17 17:30:56,970 [anonymous] [127.0.0.1] RECEIVED: PASS *****
[ INFO] 2019-03-17 17:30:56,970 [anonymous] [127.0.0.1] Anonymous login success - Java11.0.2-redhat@
[ INFO] 2019-03-17 17:30:56,970 [anonymous] [127.0.0.1] SENT: 230 User logged in, proceed.

[ INFO] 2019-03-17 17:30:56,970 [anonymous] [127.0.0.1] RECEIVED: TYPE I
[ INFO] 2019-03-17 17:30:56,970 [anonymous] [127.0.0.1] SENT: 200 Command TYPE okay.

[ INFO] 2019-03-17 17:30:56,970 [anonymous] [127.0.0.1] RECEIVED: EPSV ALL
[ INFO] 2019-03-17 17:30:56,970 [anonymous] [127.0.0.1] SENT: 229 Entering Passive Mode (|||63612|)

[ INFO] 2019-03-17 17:30:56,970 [anonymous] [127.0.0.1] RECEIVED: EPSV
[ WARN] 2019-03-17 17:30:56,970 [anonymous] [127.0.0.1] Releasing unreserved passive port: 63612
[ INFO] 2019-03-17 17:30:56,970 [anonymous] [127.0.0.1] SENT: 229 Entering Passive Mode (|||63613|)

[ INFO] 2019-03-17 17:30:56,975 [anonymous] [127.0.0.1] RECEIVED: RETR XML.xml
[ INFO] 2019-03-17 17:30:57,961 [anonymous] [127.0.0.1] File downloaded /XML.xml
[ WARN] 2019-03-17 17:30:57,961 [anonymous] [127.0.0.1] Releasing unreserved passive port: 63613
[ INFO] 2019-03-17 17:30:57,961 [anonymous] [127.0.0.1] SENT: 150 File status okay; about to open data connection.

[ INFO] 2019-03-17 17:30:57,961 [anonymous] [127.0.0.1] SENT: 226 Transfer complete.

[ INFO] 2019-03-17 17:30:57,966 [anonymous] [127.0.0.1] RECEIVED: QUIT
[ INFO] 2019-03-17 17:30:57,971 [anonymous] [127.0.0.1] SENT: 221 Goodbye.

[ INFO] 2019-03-17 17:30:57,971 [anonymous] [127.0.0.1] CLOSED
[ INFO] 2019-03-17 17:30:57,971 [] [127.0.0.1] CREATED
[ INFO] 2019-03-17 17:30:57,971 [] [127.0.0.1] OPENED
[ INFO] 2019-03-17 17:30:57,971 [] [127.0.0.1] SENT: 220 Service ready for new user.

[ INFO] 2019-03-17 17:30:57,971 [] [127.0.0.1] RECEIVED: USER anonymous
[ INFO] 2019-03-17 17:30:57,971 [anonymous] [127.0.0.1] SENT: 331 Guest login okay, send your complete e-mail address as password.

[ INFO] 2019-03-17 17:30:57,971 [anonymous] [127.0.0.1] RECEIVED: PASS *****
[ INFO] 2019-03-17 17:30:57,971 [anonymous] [127.0.0.1] Anonymous login success - Java11.0.2-redhat@
[ INFO] 2019-03-17 17:30:57,971 [anonymous] [127.0.0.1] SENT: 230 User logged in, proceed.

[ INFO] 2019-03-17 17:30:57,971 [anonymous] [127.0.0.1] RECEIVED: TYPE I
[ INFO] 2019-03-17 17:30:57,971 [anonymous] [127.0.0.1] SENT: 200 Command TYPE okay.

[ INFO] 2019-03-17 17:30:57,971 [anonymous] [127.0.0.1] RECEIVED: EPSV ALL
[ INFO] 2019-03-17 17:30:57,976 [anonymous] [127.0.0.1] SENT: 229 Entering Passive Mode (|||63616|)

[ INFO] 2019-03-17 17:30:57,976 [anonymous] [127.0.0.1] RECEIVED: EPSV
[ WARN] 2019-03-17 17:30:57,976 [anonymous] [127.0.0.1] Releasing unreserved passive port: 63616
[ INFO] 2019-03-17 17:30:57,976 [anonymous] [127.0.0.1] SENT: 229 Entering Passive Mode (|||63617|)

[ INFO] 2019-03-17 17:30:57,976 [anonymous] [127.0.0.1] RECEIVED: STOR XML.xml.rapport.txt
[ WARN] 2019-03-17 17:30:57,976 [anonymous] [127.0.0.1] Releasing unreserved passive port: 63617
[ INFO] 2019-03-17 17:30:57,976 [anonymous] [127.0.0.1] SENT: 550 /XML.xml.rapport.txt: Permission denied.

[ WARN] 2019-03-17 17:35:28,018 [anonymous] [127.0.0.1] EXCEPTION :
java.io.IOException: Une connexion existante a dû être fermée par l’hôte distant
	at java.base/sun.nio.ch.SocketDispatcher.read0(Native Method)
	at java.base/sun.nio.ch.SocketDispatcher.read(SocketDispatcher.java:43)
	at java.base/sun.nio.ch.IOUtil.readIntoNativeBuffer(IOUtil.java:276)
	at java.base/sun.nio.ch.IOUtil.read(IOUtil.java:245)
	at java.base/sun.nio.ch.IOUtil.read(IOUtil.java:223)
	at java.base/sun.nio.ch.SocketChannelImpl.read(SocketChannelImpl.java:358)
	at org.apache.mina.transport.socket.nio.NioProcessor.read(NioProcessor.java:317)
	at org.apache.mina.transport.socket.nio.NioProcessor.read(NioProcessor.java:45)
	at org.apache.mina.core.polling.AbstractPollingIoProcessor.read(AbstractPollingIoProcessor.java:683)
	at org.apache.mina.core.polling.AbstractPollingIoProcessor.process(AbstractPollingIoProcessor.java:659)
	at org.apache.mina.core.polling.AbstractPollingIoProcessor.process(AbstractPollingIoProcessor.java:648)
	at org.apache.mina.core.polling.AbstractPollingIoProcessor.access$600(AbstractPollingIoProcessor.java:68)
	at org.apache.mina.core.polling.AbstractPollingIoProcessor$Processor.run(AbstractPollingIoProcessor.java:1120)
	at org.apache.mina.util.NamePreservingRunnable.run(NamePreservingRunnable.java:64)
	at java.base/java.util.concurrent.ThreadPoolExecutor.runWorker(ThreadPoolExecutor.java:1128)
	at java.base/java.util.concurrent.ThreadPoolExecutor$Worker.run(ThreadPoolExecutor.java:628)
	at java.base/java.lang.Thread.run(Thread.java:834)
[ERROR] 2019-03-17 17:35:28,019 [anonymous] [127.0.0.1] Exception caught, closing session
java.io.IOException: Une connexion existante a dû être fermée par l’hôte distant
	at java.base/sun.nio.ch.SocketDispatcher.read0(Native Method)
	at java.base/sun.nio.ch.SocketDispatcher.read(SocketDispatcher.java:43)
	at java.base/sun.nio.ch.IOUtil.readIntoNativeBuffer(IOUtil.java:276)
	at java.base/sun.nio.ch.IOUtil.read(IOUtil.java:245)
	at java.base/sun.nio.ch.IOUtil.read(IOUtil.java:223)
	at java.base/sun.nio.ch.SocketChannelImpl.read(SocketChannelImpl.java:358)
	at org.apache.mina.transport.socket.nio.NioProcessor.read(NioProcessor.java:317)
	at org.apache.mina.transport.socket.nio.NioProcessor.read(NioProcessor.java:45)
	at org.apache.mina.core.polling.AbstractPollingIoProcessor.read(AbstractPollingIoProcessor.java:683)
	at org.apache.mina.core.polling.AbstractPollingIoProcessor.process(AbstractPollingIoProcessor.java:659)
	at org.apache.mina.core.polling.AbstractPollingIoProcessor.process(AbstractPollingIoProcessor.java:648)
	at org.apache.mina.core.polling.AbstractPollingIoProcessor.access$600(AbstractPollingIoProcessor.java:68)
	at org.apache.mina.core.polling.AbstractPollingIoProcessor$Processor.run(AbstractPollingIoProcessor.java:1120)
	at org.apache.mina.util.NamePreservingRunnable.run(NamePreservingRunnable.java:64)
	at java.base/java.util.concurrent.ThreadPoolExecutor.runWorker(ThreadPoolExecutor.java:1128)
	at java.base/java.util.concurrent.ThreadPoolExecutor$Worker.run(ThreadPoolExecutor.java:628)
	at java.base/java.lang.Thread.run(Thread.java:834)
[ INFO] 2019-03-17 17:35:28,020 [anonymous] [127.0.0.1] CLOSED
[ INFO] 2019-03-17 17:35:52,635 [] [127.0.0.1] CREATED
[ INFO] 2019-03-17 17:35:52,635 [] [127.0.0.1] OPENED
[ INFO] 2019-03-17 17:35:52,636 [] [127.0.0.1] SENT: 220 Service ready for new user.

[ INFO] 2019-03-17 17:35:52,638 [] [127.0.0.1] RECEIVED: USER anonymous
[ INFO] 2019-03-17 17:35:52,638 [anonymous] [127.0.0.1] SENT: 331 Guest login okay, send your complete e-mail address as password.

[ INFO] 2019-03-17 17:35:52,638 [anonymous] [127.0.0.1] RECEIVED: PASS *****
[ INFO] 2019-03-17 17:35:52,638 [anonymous] [127.0.0.1] Anonymous login success - Java11.0.2-redhat@
[ INFO] 2019-03-17 17:35:52,638 [anonymous] [127.0.0.1] SENT: 230 User logged in, proceed.

[ INFO] 2019-03-17 17:35:52,639 [anonymous] [127.0.0.1] RECEIVED: TYPE I
[ INFO] 2019-03-17 17:35:52,639 [anonymous] [127.0.0.1] SENT: 200 Command TYPE okay.

[ INFO] 2019-03-17 17:35:52,639 [anonymous] [127.0.0.1] RECEIVED: EPSV ALL
[ INFO] 2019-03-17 17:35:52,640 [anonymous] [127.0.0.1] SENT: 229 Entering Passive Mode (|||63633|)

[ INFO] 2019-03-17 17:35:52,640 [anonymous] [127.0.0.1] RECEIVED: EPSV
[ WARN] 2019-03-17 17:35:52,640 [anonymous] [127.0.0.1] Releasing unreserved passive port: 63633
[ INFO] 2019-03-17 17:35:52,640 [anonymous] [127.0.0.1] SENT: 229 Entering Passive Mode (|||63634|)

[ INFO] 2019-03-17 17:35:52,642 [anonymous] [127.0.0.1] RECEIVED: RETR XML.xml
[ INFO] 2019-03-17 17:35:53,600 [anonymous] [127.0.0.1] File downloaded /XML.xml
[ WARN] 2019-03-17 17:35:53,601 [anonymous] [127.0.0.1] Releasing unreserved passive port: 63634
[ INFO] 2019-03-17 17:35:53,602 [anonymous] [127.0.0.1] SENT: 150 File status okay; about to open data connection.

[ INFO] 2019-03-17 17:35:53,602 [anonymous] [127.0.0.1] SENT: 226 Transfer complete.

[ INFO] 2019-03-17 17:35:53,613 [anonymous] [127.0.0.1] RECEIVED: QUIT
[ INFO] 2019-03-17 17:35:53,615 [anonymous] [127.0.0.1] SENT: 221 Goodbye.

[ INFO] 2019-03-17 17:35:53,616 [anonymous] [127.0.0.1] CLOSED
[ INFO] 2019-03-17 17:35:53,617 [] [127.0.0.1] CREATED
[ INFO] 2019-03-17 17:35:53,617 [] [127.0.0.1] OPENED
[ INFO] 2019-03-17 17:35:53,618 [] [127.0.0.1] SENT: 220 Service ready for new user.

[ INFO] 2019-03-17 17:35:53,618 [] [127.0.0.1] RECEIVED: USER anonymous
[ INFO] 2019-03-17 17:35:53,619 [anonymous] [127.0.0.1] SENT: 331 Guest login okay, send your complete e-mail address as password.

[ INFO] 2019-03-17 17:35:53,619 [anonymous] [127.0.0.1] RECEIVED: PASS *****
[ INFO] 2019-03-17 17:35:53,620 [anonymous] [127.0.0.1] Anonymous login success - Java11.0.2-redhat@
[ INFO] 2019-03-17 17:35:53,620 [anonymous] [127.0.0.1] SENT: 230 User logged in, proceed.

[ INFO] 2019-03-17 17:35:53,620 [anonymous] [127.0.0.1] RECEIVED: TYPE I
[ INFO] 2019-03-17 17:35:53,620 [anonymous] [127.0.0.1] SENT: 200 Command TYPE okay.

[ INFO] 2019-03-17 17:35:53,620 [anonymous] [127.0.0.1] RECEIVED: EPSV ALL
[ INFO] 2019-03-17 17:35:53,621 [anonymous] [127.0.0.1] SENT: 229 Entering Passive Mode (|||63637|)

[ INFO] 2019-03-17 17:35:53,621 [anonymous] [127.0.0.1] RECEIVED: EPSV
[ WARN] 2019-03-17 17:35:53,621 [anonymous] [127.0.0.1] Releasing unreserved passive port: 63637
[ INFO] 2019-03-17 17:35:53,622 [anonymous] [127.0.0.1] SENT: 229 Entering Passive Mode (|||63638|)

[ INFO] 2019-03-17 17:35:53,622 [anonymous] [127.0.0.1] RECEIVED: STOR XML.xml.rapport.txt
[ WARN] 2019-03-17 17:35:53,622 [anonymous] [127.0.0.1] Releasing unreserved passive port: 63638
[ INFO] 2019-03-17 17:35:53,622 [anonymous] [127.0.0.1] SENT: 550 /XML.xml.rapport.txt: Permission denied.

[ WARN] 2019-03-17 17:40:31,514 [anonymous] [127.0.0.1] EXCEPTION :
java.io.IOException: Une connexion existante a dû être fermée par l’hôte distant
	at java.base/sun.nio.ch.SocketDispatcher.read0(Native Method)
	at java.base/sun.nio.ch.SocketDispatcher.read(SocketDispatcher.java:43)
	at java.base/sun.nio.ch.IOUtil.readIntoNativeBuffer(IOUtil.java:276)
	at java.base/sun.nio.ch.IOUtil.read(IOUtil.java:245)
	at java.base/sun.nio.ch.IOUtil.read(IOUtil.java:223)
	at java.base/sun.nio.ch.SocketChannelImpl.read(SocketChannelImpl.java:358)
	at org.apache.mina.transport.socket.nio.NioProcessor.read(NioProcessor.java:317)
	at org.apache.mina.transport.socket.nio.NioProcessor.read(NioProcessor.java:45)
	at org.apache.mina.core.polling.AbstractPollingIoProcessor.read(AbstractPollingIoProcessor.java:683)
	at org.apache.mina.core.polling.AbstractPollingIoProcessor.process(AbstractPollingIoProcessor.java:659)
	at org.apache.mina.core.polling.AbstractPollingIoProcessor.process(AbstractPollingIoProcessor.java:648)
	at org.apache.mina.core.polling.AbstractPollingIoProcessor.access$600(AbstractPollingIoProcessor.java:68)
	at org.apache.mina.core.polling.AbstractPollingIoProcessor$Processor.run(AbstractPollingIoProcessor.java:1120)
	at org.apache.mina.util.NamePreservingRunnable.run(NamePreservingRunnable.java:64)
	at java.base/java.util.concurrent.ThreadPoolExecutor.runWorker(ThreadPoolExecutor.java:1128)
	at java.base/java.util.concurrent.ThreadPoolExecutor$Worker.run(ThreadPoolExecutor.java:628)
	at java.base/java.lang.Thread.run(Thread.java:834)
[ERROR] 2019-03-17 17:40:31,515 [anonymous] [127.0.0.1] Exception caught, closing session
java.io.IOException: Une connexion existante a dû être fermée par l’hôte distant
	at java.base/sun.nio.ch.SocketDispatcher.read0(Native Method)
	at java.base/sun.nio.ch.SocketDispatcher.read(SocketDispatcher.java:43)
	at java.base/sun.nio.ch.IOUtil.readIntoNativeBuffer(IOUtil.java:276)
	at java.base/sun.nio.ch.IOUtil.read(IOUtil.java:245)
	at java.base/sun.nio.ch.IOUtil.read(IOUtil.java:223)
	at java.base/sun.nio.ch.SocketChannelImpl.read(SocketChannelImpl.java:358)
	at org.apache.mina.transport.socket.nio.NioProcessor.read(NioProcessor.java:317)
	at org.apache.mina.transport.socket.nio.NioProcessor.read(NioProcessor.java:45)
	at org.apache.mina.core.polling.AbstractPollingIoProcessor.read(AbstractPollingIoProcessor.java:683)
	at org.apache.mina.core.polling.AbstractPollingIoProcessor.process(AbstractPollingIoProcessor.java:659)
	at org.apache.mina.core.polling.AbstractPollingIoProcessor.process(AbstractPollingIoProcessor.java:648)
	at org.apache.mina.core.polling.AbstractPollingIoProcessor.access$600(AbstractPollingIoProcessor.java:68)
	at org.apache.mina.core.polling.AbstractPollingIoProcessor$Processor.run(AbstractPollingIoProcessor.java:1120)
	at org.apache.mina.util.NamePreservingRunnable.run(NamePreservingRunnable.java:64)
	at java.base/java.util.concurrent.ThreadPoolExecutor.runWorker(ThreadPoolExecutor.java:1128)
	at java.base/java.util.concurrent.ThreadPoolExecutor$Worker.run(ThreadPoolExecutor.java:628)
	at java.base/java.lang.Thread.run(Thread.java:834)
[ INFO] 2019-03-17 17:40:31,515 [anonymous] [127.0.0.1] CLOSED
[ INFO] 2019-03-17 17:43:40,685 [] [127.0.0.1] CREATED
[ INFO] 2019-03-17 17:43:40,685 [] [127.0.0.1] OPENED
[ INFO] 2019-03-17 17:43:40,690 [] [127.0.0.1] SENT: 220 Service ready for new user.

[ INFO] 2019-03-17 17:43:40,690 [] [127.0.0.1] RECEIVED: USER anonymous
[ INFO] 2019-03-17 17:43:40,690 [anonymous] [127.0.0.1] SENT: 331 Guest login okay, send your complete e-mail address as password.

[ INFO] 2019-03-17 17:43:40,690 [anonymous] [127.0.0.1] RECEIVED: PASS *****
[ INFO] 2019-03-17 17:43:40,690 [anonymous] [127.0.0.1] Anonymous login success - Java11.0.2-redhat@
[ INFO] 2019-03-17 17:43:40,690 [anonymous] [127.0.0.1] SENT: 230 User logged in, proceed.

[ INFO] 2019-03-17 17:43:40,690 [anonymous] [127.0.0.1] RECEIVED: TYPE I
[ INFO] 2019-03-17 17:43:40,690 [anonymous] [127.0.0.1] SENT: 200 Command TYPE okay.

[ INFO] 2019-03-17 17:43:40,690 [anonymous] [127.0.0.1] RECEIVED: EPSV ALL
[ INFO] 2019-03-17 17:43:40,690 [anonymous] [127.0.0.1] SENT: 229 Entering Passive Mode (|||63659|)

[ INFO] 2019-03-17 17:43:40,690 [anonymous] [127.0.0.1] RECEIVED: EPSV
[ WARN] 2019-03-17 17:43:40,690 [anonymous] [127.0.0.1] Releasing unreserved passive port: 63659
[ INFO] 2019-03-17 17:43:40,695 [anonymous] [127.0.0.1] SENT: 229 Entering Passive Mode (|||63660|)

[ INFO] 2019-03-17 17:43:40,695 [anonymous] [127.0.0.1] RECEIVED: RETR XML.xml
[ INFO] 2019-03-17 17:43:41,673 [anonymous] [127.0.0.1] File downloaded /XML.xml
[ WARN] 2019-03-17 17:43:41,673 [anonymous] [127.0.0.1] Releasing unreserved passive port: 63660
[ INFO] 2019-03-17 17:43:41,673 [anonymous] [127.0.0.1] SENT: 150 File status okay; about to open data connection.

[ INFO] 2019-03-17 17:43:41,673 [anonymous] [127.0.0.1] SENT: 226 Transfer complete.

[ INFO] 2019-03-17 17:43:41,683 [anonymous] [127.0.0.1] RECEIVED: QUIT
[ INFO] 2019-03-17 17:43:41,683 [anonymous] [127.0.0.1] SENT: 221 Goodbye.

[ INFO] 2019-03-17 17:43:41,683 [anonymous] [127.0.0.1] CLOSED
[ INFO] 2019-03-17 17:43:41,683 [] [127.0.0.1] CREATED
[ INFO] 2019-03-17 17:43:41,683 [] [127.0.0.1] OPENED
[ INFO] 2019-03-17 17:43:41,683 [] [127.0.0.1] SENT: 220 Service ready for new user.

[ INFO] 2019-03-17 17:43:41,683 [] [127.0.0.1] RECEIVED: USER anonymous
[ INFO] 2019-03-17 17:43:41,688 [anonymous] [127.0.0.1] SENT: 331 Guest login okay, send your complete e-mail address as password.

[ INFO] 2019-03-17 17:43:41,688 [anonymous] [127.0.0.1] RECEIVED: PASS *****
[ INFO] 2019-03-17 17:43:41,688 [anonymous] [127.0.0.1] Anonymous login success - Java11.0.2-redhat@
[ INFO] 2019-03-17 17:43:41,688 [anonymous] [127.0.0.1] SENT: 230 User logged in, proceed.

[ INFO] 2019-03-17 17:43:41,688 [anonymous] [127.0.0.1] RECEIVED: TYPE I
[ INFO] 2019-03-17 17:43:41,688 [anonymous] [127.0.0.1] SENT: 200 Command TYPE okay.

[ INFO] 2019-03-17 17:43:41,688 [anonymous] [127.0.0.1] RECEIVED: EPSV ALL
[ INFO] 2019-03-17 17:43:41,688 [anonymous] [127.0.0.1] SENT: 229 Entering Passive Mode (|||63663|)

[ INFO] 2019-03-17 17:43:41,688 [anonymous] [127.0.0.1] RECEIVED: EPSV
[ WARN] 2019-03-17 17:43:41,688 [anonymous] [127.0.0.1] Releasing unreserved passive port: 63663
[ INFO] 2019-03-17 17:43:41,688 [anonymous] [127.0.0.1] SENT: 229 Entering Passive Mode (|||63664|)

[ INFO] 2019-03-17 17:43:41,688 [anonymous] [127.0.0.1] RECEIVED: STOR XML.xml.rapport.txt
[ WARN] 2019-03-17 17:43:41,688 [anonymous] [127.0.0.1] Releasing unreserved passive port: 63664
[ INFO] 2019-03-17 17:43:41,688 [anonymous] [127.0.0.1] SENT: 550 /XML.xml.rapport.txt: Permission denied.

[ INFO] 2019-03-17 17:48:41,997 [anonymous] [127.0.0.1] IDLE
[ INFO] 2019-03-17 17:48:41,997 [anonymous] [127.0.0.1] Session idle, closing
[ INFO] 2019-03-17 17:48:41,999 [anonymous] [127.0.0.1] CLOSED
[ INFO] 2019-03-17 17:54:09,284 [] [127.0.0.1] CREATED
[ INFO] 2019-03-17 17:54:09,289 [] [127.0.0.1] OPENED
[ INFO] 2019-03-17 17:54:09,289 [] [127.0.0.1] SENT: 220 Service ready for new user.

[ INFO] 2019-03-17 17:54:09,289 [] [127.0.0.1] RECEIVED: USER anonymous
[ INFO] 2019-03-17 17:54:09,289 [anonymous] [127.0.0.1] SENT: 331 Guest login okay, send your complete e-mail address as password.

[ INFO] 2019-03-17 17:54:09,289 [anonymous] [127.0.0.1] RECEIVED: PASS *****
[ INFO] 2019-03-17 17:54:09,289 [anonymous] [127.0.0.1] Anonymous login success - Java11.0.2-redhat@
[ INFO] 2019-03-17 17:54:09,289 [anonymous] [127.0.0.1] SENT: 230 User logged in, proceed.

[ INFO] 2019-03-17 17:54:09,289 [anonymous] [127.0.0.1] RECEIVED: TYPE I
[ INFO] 2019-03-17 17:54:09,289 [anonymous] [127.0.0.1] SENT: 200 Command TYPE okay.

[ INFO] 2019-03-17 17:54:09,289 [anonymous] [127.0.0.1] RECEIVED: EPSV ALL
[ INFO] 2019-03-17 17:54:09,294 [anonymous] [127.0.0.1] SENT: 229 Entering Passive Mode (|||63787|)

[ INFO] 2019-03-17 17:54:09,294 [anonymous] [127.0.0.1] RECEIVED: EPSV
[ WARN] 2019-03-17 17:54:09,294 [anonymous] [127.0.0.1] Releasing unreserved passive port: 63787
[ INFO] 2019-03-17 17:54:09,294 [anonymous] [127.0.0.1] SENT: 229 Entering Passive Mode (|||63788|)

[ INFO] 2019-03-17 17:54:09,294 [anonymous] [127.0.0.1] RECEIVED: RETR XML.xml
[ INFO] 2019-03-17 17:54:10,280 [anonymous] [127.0.0.1] File downloaded /XML.xml
[ WARN] 2019-03-17 17:54:10,280 [anonymous] [127.0.0.1] Releasing unreserved passive port: 63788
[ INFO] 2019-03-17 17:54:10,280 [anonymous] [127.0.0.1] SENT: 150 File status okay; about to open data connection.

[ INFO] 2019-03-17 17:54:10,280 [anonymous] [127.0.0.1] SENT: 226 Transfer complete.

[ INFO] 2019-03-17 17:54:10,290 [anonymous] [127.0.0.1] RECEIVED: QUIT
[ INFO] 2019-03-17 17:54:10,295 [anonymous] [127.0.0.1] SENT: 221 Goodbye.

[ INFO] 2019-03-17 17:54:10,296 [anonymous] [127.0.0.1] CLOSED
[ INFO] 2019-03-17 17:54:24,979 [] [127.0.0.1] CREATED
[ INFO] 2019-03-17 17:54:24,980 [] [127.0.0.1] OPENED
[ INFO] 2019-03-17 17:54:24,981 [] [127.0.0.1] SENT: 220 Service ready for new user.

[ INFO] 2019-03-17 17:54:24,982 [] [127.0.0.1] RECEIVED: USER anonymous
[ INFO] 2019-03-17 17:54:24,983 [anonymous] [127.0.0.1] SENT: 331 Guest login okay, send your complete e-mail address as password.

[ INFO] 2019-03-17 17:54:24,983 [anonymous] [127.0.0.1] RECEIVED: PASS *****
[ INFO] 2019-03-17 17:54:24,983 [anonymous] [127.0.0.1] Anonymous login success - Java11.0.2-redhat@
[ INFO] 2019-03-17 17:54:24,983 [anonymous] [127.0.0.1] SENT: 230 User logged in, proceed.

[ INFO] 2019-03-17 17:54:24,983 [anonymous] [127.0.0.1] RECEIVED: TYPE I
[ INFO] 2019-03-17 17:54:24,984 [anonymous] [127.0.0.1] SENT: 200 Command TYPE okay.

[ INFO] 2019-03-17 17:54:24,984 [anonymous] [127.0.0.1] RECEIVED: EPSV ALL
[ INFO] 2019-03-17 17:54:24,985 [anonymous] [127.0.0.1] SENT: 229 Entering Passive Mode (|||63791|)

[ INFO] 2019-03-17 17:54:24,985 [anonymous] [127.0.0.1] RECEIVED: EPSV
[ WARN] 2019-03-17 17:54:24,986 [anonymous] [127.0.0.1] Releasing unreserved passive port: 63791
[ INFO] 2019-03-17 17:54:24,987 [anonymous] [127.0.0.1] SENT: 229 Entering Passive Mode (|||63792|)

[ INFO] 2019-03-17 17:54:24,988 [anonymous] [127.0.0.1] RECEIVED: RETR XML.xml
[ INFO] 2019-03-17 17:54:25,794 [anonymous] [127.0.0.1] File downloaded /XML.xml
[ WARN] 2019-03-17 17:54:25,795 [anonymous] [127.0.0.1] Releasing unreserved passive port: 63792
[ INFO] 2019-03-17 17:54:25,795 [anonymous] [127.0.0.1] SENT: 150 File status okay; about to open data connection.

[ INFO] 2019-03-17 17:54:25,795 [anonymous] [127.0.0.1] SENT: 226 Transfer complete.

[ WARN] 2019-03-17 17:55:21,357 [anonymous] [127.0.0.1] EXCEPTION :
java.io.IOException: Une connexion existante a dû être fermée par l’hôte distant
	at java.base/sun.nio.ch.SocketDispatcher.read0(Native Method)
	at java.base/sun.nio.ch.SocketDispatcher.read(SocketDispatcher.java:43)
	at java.base/sun.nio.ch.IOUtil.readIntoNativeBuffer(IOUtil.java:276)
	at java.base/sun.nio.ch.IOUtil.read(IOUtil.java:245)
	at java.base/sun.nio.ch.IOUtil.read(IOUtil.java:223)
	at java.base/sun.nio.ch.SocketChannelImpl.read(SocketChannelImpl.java:358)
	at org.apache.mina.transport.socket.nio.NioProcessor.read(NioProcessor.java:317)
	at org.apache.mina.transport.socket.nio.NioProcessor.read(NioProcessor.java:45)
	at org.apache.mina.core.polling.AbstractPollingIoProcessor.read(AbstractPollingIoProcessor.java:683)
	at org.apache.mina.core.polling.AbstractPollingIoProcessor.process(AbstractPollingIoProcessor.java:659)
	at org.apache.mina.core.polling.AbstractPollingIoProcessor.process(AbstractPollingIoProcessor.java:648)
	at org.apache.mina.core.polling.AbstractPollingIoProcessor.access$600(AbstractPollingIoProcessor.java:68)
	at org.apache.mina.core.polling.AbstractPollingIoProcessor$Processor.run(AbstractPollingIoProcessor.java:1120)
	at org.apache.mina.util.NamePreservingRunnable.run(NamePreservingRunnable.java:64)
	at java.base/java.util.concurrent.ThreadPoolExecutor.runWorker(ThreadPoolExecutor.java:1128)
	at java.base/java.util.concurrent.ThreadPoolExecutor$Worker.run(ThreadPoolExecutor.java:628)
	at java.base/java.lang.Thread.run(Thread.java:834)
[ERROR] 2019-03-17 17:55:21,359 [anonymous] [127.0.0.1] Exception caught, closing session
java.io.IOException: Une connexion existante a dû être fermée par l’hôte distant
	at java.base/sun.nio.ch.SocketDispatcher.read0(Native Method)
	at java.base/sun.nio.ch.SocketDispatcher.read(SocketDispatcher.java:43)
	at java.base/sun.nio.ch.IOUtil.readIntoNativeBuffer(IOUtil.java:276)
	at java.base/sun.nio.ch.IOUtil.read(IOUtil.java:245)
	at java.base/sun.nio.ch.IOUtil.read(IOUtil.java:223)
	at java.base/sun.nio.ch.SocketChannelImpl.read(SocketChannelImpl.java:358)
	at org.apache.mina.transport.socket.nio.NioProcessor.read(NioProcessor.java:317)
	at org.apache.mina.transport.socket.nio.NioProcessor.read(NioProcessor.java:45)
	at org.apache.mina.core.polling.AbstractPollingIoProcessor.read(AbstractPollingIoProcessor.java:683)
	at org.apache.mina.core.polling.AbstractPollingIoProcessor.process(AbstractPollingIoProcessor.java:659)
	at org.apache.mina.core.polling.AbstractPollingIoProcessor.process(AbstractPollingIoProcessor.java:648)
	at org.apache.mina.core.polling.AbstractPollingIoProcessor.access$600(AbstractPollingIoProcessor.java:68)
	at org.apache.mina.core.polling.AbstractPollingIoProcessor$Processor.run(AbstractPollingIoProcessor.java:1120)
	at org.apache.mina.util.NamePreservingRunnable.run(NamePreservingRunnable.java:64)
	at java.base/java.util.concurrent.ThreadPoolExecutor.runWorker(ThreadPoolExecutor.java:1128)
	at java.base/java.util.concurrent.ThreadPoolExecutor$Worker.run(ThreadPoolExecutor.java:628)
	at java.base/java.lang.Thread.run(Thread.java:834)
[ INFO] 2019-03-17 17:55:21,359 [anonymous] [127.0.0.1] CLOSED
[ INFO] 2019-03-17 17:55:44,944 [] [127.0.0.1] CREATED
[ INFO] 2019-03-17 17:55:44,944 [] [127.0.0.1] OPENED
[ INFO] 2019-03-17 17:55:44,944 [] [127.0.0.1] SENT: 220 Service ready for new user.

[ INFO] 2019-03-17 17:55:44,944 [] [127.0.0.1] RECEIVED: USER anonymous
[ INFO] 2019-03-17 17:55:44,944 [anonymous] [127.0.0.1] SENT: 331 Guest login okay, send your complete e-mail address as password.

[ INFO] 2019-03-17 17:55:44,944 [anonymous] [127.0.0.1] RECEIVED: PASS *****
[ INFO] 2019-03-17 17:55:44,949 [anonymous] [127.0.0.1] Anonymous login success - Java11.0.2-redhat@
[ INFO] 2019-03-17 17:55:44,949 [anonymous] [127.0.0.1] SENT: 230 User logged in, proceed.

[ INFO] 2019-03-17 17:55:44,949 [anonymous] [127.0.0.1] RECEIVED: TYPE I
[ INFO] 2019-03-17 17:55:44,949 [anonymous] [127.0.0.1] SENT: 200 Command TYPE okay.

[ INFO] 2019-03-17 17:55:44,949 [anonymous] [127.0.0.1] RECEIVED: EPSV ALL
[ INFO] 2019-03-17 17:55:44,949 [anonymous] [127.0.0.1] SENT: 229 Entering Passive Mode (|||63796|)

[ INFO] 2019-03-17 17:55:44,949 [anonymous] [127.0.0.1] RECEIVED: EPSV
[ WARN] 2019-03-17 17:55:44,949 [anonymous] [127.0.0.1] Releasing unreserved passive port: 63796
[ INFO] 2019-03-17 17:55:44,949 [anonymous] [127.0.0.1] SENT: 229 Entering Passive Mode (|||63797|)

[ INFO] 2019-03-17 17:55:44,949 [anonymous] [127.0.0.1] RECEIVED: RETR XML.xml
[ INFO] 2019-03-17 17:55:45,726 [anonymous] [127.0.0.1] File downloaded /XML.xml
[ WARN] 2019-03-17 17:55:45,726 [anonymous] [127.0.0.1] Releasing unreserved passive port: 63797
[ INFO] 2019-03-17 17:55:45,726 [anonymous] [127.0.0.1] SENT: 150 File status okay; about to open data connection.

[ INFO] 2019-03-17 17:55:45,726 [anonymous] [127.0.0.1] SENT: 226 Transfer complete.

[ INFO] 2019-03-17 18:00:46,272 [anonymous] [127.0.0.1] IDLE
[ INFO] 2019-03-17 18:00:46,272 [anonymous] [127.0.0.1] Session idle, closing
[ INFO] 2019-03-17 18:00:46,272 [anonymous] [127.0.0.1] CLOSED
[ INFO] 2019-03-17 20:31:10,329 [] [127.0.0.1] CREATED
[ INFO] 2019-03-17 20:31:10,331 [] [127.0.0.1] OPENED
[ INFO] 2019-03-17 20:31:10,342 [] [127.0.0.1] SENT: 220 Service ready for new user.

[ INFO] 2019-03-17 20:31:10,345 [] [127.0.0.1] RECEIVED: USER anonymous
[ INFO] 2019-03-17 20:31:10,346 [anonymous] [127.0.0.1] SENT: 331 Guest login okay, send your complete e-mail address as password.

[ INFO] 2019-03-17 20:31:10,346 [anonymous] [127.0.0.1] RECEIVED: PASS *****
[ INFO] 2019-03-17 20:31:10,346 [anonymous] [127.0.0.1] Anonymous login success - Java11.0.2-redhat@
[ INFO] 2019-03-17 20:31:10,346 [anonymous] [127.0.0.1] SENT: 230 User logged in, proceed.

[ INFO] 2019-03-17 20:31:10,350 [anonymous] [127.0.0.1] RECEIVED: TYPE I
[ INFO] 2019-03-17 20:31:10,350 [anonymous] [127.0.0.1] SENT: 200 Command TYPE okay.

[ INFO] 2019-03-17 20:31:10,350 [anonymous] [127.0.0.1] RECEIVED: CWD test
[ INFO] 2019-03-17 20:31:10,353 [anonymous] [127.0.0.1] SENT: 250 Directory changed to /test

[ INFO] 2019-03-17 20:31:10,353 [anonymous] [127.0.0.1] RECEIVED: EPSV ALL
[ INFO] 2019-03-17 20:31:10,355 [anonymous] [127.0.0.1] SENT: 229 Entering Passive Mode (|||49769|)

[ INFO] 2019-03-17 20:31:10,355 [anonymous] [127.0.0.1] RECEIVED: EPSV
[ WARN] 2019-03-17 20:31:10,357 [anonymous] [127.0.0.1] Releasing unreserved passive port: 49769
[ INFO] 2019-03-17 20:31:10,358 [anonymous] [127.0.0.1] SENT: 229 Entering Passive Mode (|||49770|)

[ INFO] 2019-03-17 20:31:10,359 [anonymous] [127.0.0.1] RECEIVED: RETR ServiceInversion.class
[ INFO] 2019-03-17 20:31:10,734 [anonymous] [127.0.0.1] File downloaded /test/ServiceInversion.class
[ WARN] 2019-03-17 20:31:10,734 [anonymous] [127.0.0.1] Releasing unreserved passive port: 49770
[ INFO] 2019-03-17 20:31:10,735 [anonymous] [127.0.0.1] SENT: 150 File status okay; about to open data connection.

[ INFO] 2019-03-17 20:31:10,735 [anonymous] [127.0.0.1] SENT: 226 Transfer complete.

[ INFO] 2019-03-17 20:31:10,735 [anonymous] [127.0.0.1] RECEIVED: QUIT
[ INFO] 2019-03-17 20:31:10,736 [anonymous] [127.0.0.1] SENT: 221 Goodbye.

[ INFO] 2019-03-17 20:31:10,737 [anonymous] [127.0.0.1] CLOSED
[ INFO] 2019-03-17 20:33:07,290 [] [127.0.0.1] CREATED
[ INFO] 2019-03-17 20:33:07,291 [] [127.0.0.1] OPENED
[ INFO] 2019-03-17 20:33:07,293 [] [127.0.0.1] SENT: 220 Service ready for new user.

[ INFO] 2019-03-17 20:33:07,293 [] [127.0.0.1] RECEIVED: USER anonymous
[ INFO] 2019-03-17 20:33:07,294 [anonymous] [127.0.0.1] SENT: 331 Guest login okay, send your complete e-mail address as password.

[ INFO] 2019-03-17 20:33:07,295 [anonymous] [127.0.0.1] RECEIVED: PASS *****
[ INFO] 2019-03-17 20:33:07,295 [anonymous] [127.0.0.1] Anonymous login success - Java11.0.2-redhat@
[ INFO] 2019-03-17 20:33:07,295 [anonymous] [127.0.0.1] SENT: 230 User logged in, proceed.

[ INFO] 2019-03-17 20:33:07,296 [anonymous] [127.0.0.1] RECEIVED: TYPE I
[ INFO] 2019-03-17 20:33:07,297 [anonymous] [127.0.0.1] SENT: 200 Command TYPE okay.

[ INFO] 2019-03-17 20:33:07,297 [anonymous] [127.0.0.1] RECEIVED: CWD test
[ INFO] 2019-03-17 20:33:07,298 [anonymous] [127.0.0.1] SENT: 250 Directory changed to /test

[ INFO] 2019-03-17 20:33:07,298 [anonymous] [127.0.0.1] RECEIVED: EPSV ALL
[ INFO] 2019-03-17 20:33:07,299 [anonymous] [127.0.0.1] SENT: 229 Entering Passive Mode (|||49868|)

[ INFO] 2019-03-17 20:33:07,300 [anonymous] [127.0.0.1] RECEIVED: EPSV
[ WARN] 2019-03-17 20:33:07,300 [anonymous] [127.0.0.1] Releasing unreserved passive port: 49868
[ INFO] 2019-03-17 20:33:07,301 [anonymous] [127.0.0.1] SENT: 229 Entering Passive Mode (|||49869|)

[ INFO] 2019-03-17 20:33:07,302 [anonymous] [127.0.0.1] RECEIVED: RETR ServiceInversion.class
[ INFO] 2019-03-17 20:33:07,675 [anonymous] [127.0.0.1] File downloaded /test/ServiceInversion.class
[ WARN] 2019-03-17 20:33:07,676 [anonymous] [127.0.0.1] Releasing unreserved passive port: 49869
[ INFO] 2019-03-17 20:33:07,676 [anonymous] [127.0.0.1] SENT: 150 File status okay; about to open data connection.

[ INFO] 2019-03-17 20:33:07,676 [anonymous] [127.0.0.1] SENT: 226 Transfer complete.

[ INFO] 2019-03-17 20:33:07,676 [anonymous] [127.0.0.1] RECEIVED: QUIT
[ INFO] 2019-03-17 20:33:07,678 [anonymous] [127.0.0.1] SENT: 221 Goodbye.

[ INFO] 2019-03-17 20:33:07,678 [anonymous] [127.0.0.1] CLOSED
[ INFO] 2019-03-17 20:33:16,090 [] [127.0.0.1] CREATED
[ INFO] 2019-03-17 20:33:16,091 [] [127.0.0.1] OPENED
[ INFO] 2019-03-17 20:33:16,092 [] [127.0.0.1] SENT: 220 Service ready for new user.

[ INFO] 2019-03-17 20:33:16,093 [] [127.0.0.1] RECEIVED: USER anonymous
[ INFO] 2019-03-17 20:33:16,093 [anonymous] [127.0.0.1] SENT: 331 Guest login okay, send your complete e-mail address as password.

[ INFO] 2019-03-17 20:33:16,094 [anonymous] [127.0.0.1] RECEIVED: PASS *****
[ INFO] 2019-03-17 20:33:16,094 [anonymous] [127.0.0.1] Anonymous login success - Java11.0.2-redhat@
[ INFO] 2019-03-17 20:33:16,094 [anonymous] [127.0.0.1] SENT: 230 User logged in, proceed.

[ INFO] 2019-03-17 20:33:16,095 [anonymous] [127.0.0.1] RECEIVED: TYPE I
[ INFO] 2019-03-17 20:33:16,095 [anonymous] [127.0.0.1] SENT: 200 Command TYPE okay.

[ INFO] 2019-03-17 20:33:16,096 [anonymous] [127.0.0.1] RECEIVED: CWD test
[ INFO] 2019-03-17 20:33:16,096 [anonymous] [127.0.0.1] SENT: 250 Directory changed to /test

[ INFO] 2019-03-17 20:33:16,097 [anonymous] [127.0.0.1] RECEIVED: EPSV ALL
[ INFO] 2019-03-17 20:33:16,099 [anonymous] [127.0.0.1] SENT: 229 Entering Passive Mode (|||49879|)

[ INFO] 2019-03-17 20:33:16,099 [anonymous] [127.0.0.1] RECEIVED: EPSV
[ WARN] 2019-03-17 20:33:16,100 [anonymous] [127.0.0.1] Releasing unreserved passive port: 49879
[ INFO] 2019-03-17 20:33:16,101 [anonymous] [127.0.0.1] SENT: 229 Entering Passive Mode (|||49880|)

[ INFO] 2019-03-17 20:33:16,102 [anonymous] [127.0.0.1] RECEIVED: RETR ServiceInversion.class
[ INFO] 2019-03-17 20:33:16,476 [anonymous] [127.0.0.1] File downloaded /test/ServiceInversion.class
[ WARN] 2019-03-17 20:33:16,477 [anonymous] [127.0.0.1] Releasing unreserved passive port: 49880
[ INFO] 2019-03-17 20:33:16,477 [anonymous] [127.0.0.1] SENT: 150 File status okay; about to open data connection.

[ INFO] 2019-03-17 20:33:16,478 [anonymous] [127.0.0.1] SENT: 226 Transfer complete.

[ INFO] 2019-03-17 20:33:16,478 [anonymous] [127.0.0.1] RECEIVED: QUIT
[ INFO] 2019-03-17 20:33:16,480 [anonymous] [127.0.0.1] SENT: 221 Goodbye.

[ INFO] 2019-03-17 20:33:16,480 [anonymous] [127.0.0.1] CLOSED
[ INFO] 2019-03-17 20:33:53,023 [] [127.0.0.1] CREATED
[ INFO] 2019-03-17 20:33:53,025 [] [127.0.0.1] OPENED
[ INFO] 2019-03-17 20:33:53,025 [] [127.0.0.1] SENT: 220 Service ready for new user.

[ INFO] 2019-03-17 20:33:53,025 [] [127.0.0.1] RECEIVED: USER anonymous
[ INFO] 2019-03-17 20:33:53,025 [anonymous] [127.0.0.1] SENT: 331 Guest login okay, send your complete e-mail address as password.

[ INFO] 2019-03-17 20:33:53,028 [anonymous] [127.0.0.1] RECEIVED: PASS *****
[ INFO] 2019-03-17 20:33:53,028 [anonymous] [127.0.0.1] Anonymous login success - Java11.0.2-redhat@
[ INFO] 2019-03-17 20:33:53,029 [anonymous] [127.0.0.1] SENT: 230 User logged in, proceed.

[ INFO] 2019-03-17 20:33:53,029 [anonymous] [127.0.0.1] RECEIVED: TYPE I
[ INFO] 2019-03-17 20:33:53,030 [anonymous] [127.0.0.1] SENT: 200 Command TYPE okay.

[ INFO] 2019-03-17 20:33:53,030 [anonymous] [127.0.0.1] RECEIVED: CWD test
[ INFO] 2019-03-17 20:33:53,031 [anonymous] [127.0.0.1] SENT: 250 Directory changed to /test

[ INFO] 2019-03-17 20:33:53,031 [anonymous] [127.0.0.1] RECEIVED: EPSV ALL
[ INFO] 2019-03-17 20:33:53,033 [anonymous] [127.0.0.1] SENT: 229 Entering Passive Mode (|||49912|)

[ INFO] 2019-03-17 20:33:53,033 [anonymous] [127.0.0.1] RECEIVED: EPSV
[ WARN] 2019-03-17 20:33:53,034 [anonymous] [127.0.0.1] Releasing unreserved passive port: 49912
[ INFO] 2019-03-17 20:33:53,035 [anonymous] [127.0.0.1] SENT: 229 Entering Passive Mode (|||49913|)

[ INFO] 2019-03-17 20:33:53,036 [anonymous] [127.0.0.1] RECEIVED: RETR ServiceInversion.class
[ INFO] 2019-03-17 20:33:53,403 [anonymous] [127.0.0.1] File downloaded /test/ServiceInversion.class
[ WARN] 2019-03-17 20:33:53,404 [anonymous] [127.0.0.1] Releasing unreserved passive port: 49913
[ INFO] 2019-03-17 20:33:53,404 [anonymous] [127.0.0.1] SENT: 150 File status okay; about to open data connection.

[ INFO] 2019-03-17 20:33:53,404 [anonymous] [127.0.0.1] SENT: 226 Transfer complete.

[ INFO] 2019-03-17 20:33:53,405 [anonymous] [127.0.0.1] RECEIVED: QUIT
[ INFO] 2019-03-17 20:33:53,406 [anonymous] [127.0.0.1] SENT: 221 Goodbye.

[ INFO] 2019-03-17 20:33:53,407 [anonymous] [127.0.0.1] CLOSED
[ INFO] 2019-03-17 20:36:33,684 [] [127.0.0.1] CREATED
[ INFO] 2019-03-17 20:36:33,684 [] [127.0.0.1] OPENED
[ INFO] 2019-03-17 20:36:33,684 [] [127.0.0.1] SENT: 220 Service ready for new user.

[ INFO] 2019-03-17 20:36:33,688 [] [127.0.0.1] RECEIVED: USER anonymous
[ INFO] 2019-03-17 20:36:33,689 [anonymous] [127.0.0.1] SENT: 331 Guest login okay, send your complete e-mail address as password.

[ INFO] 2019-03-17 20:36:33,689 [anonymous] [127.0.0.1] RECEIVED: PASS *****
[ INFO] 2019-03-17 20:36:33,689 [anonymous] [127.0.0.1] Anonymous login success - Java11.0.2-redhat@
[ INFO] 2019-03-17 20:36:33,689 [anonymous] [127.0.0.1] SENT: 230 User logged in, proceed.

[ INFO] 2019-03-17 20:36:33,690 [anonymous] [127.0.0.1] RECEIVED: TYPE I
[ INFO] 2019-03-17 20:36:33,690 [anonymous] [127.0.0.1] SENT: 200 Command TYPE okay.

[ INFO] 2019-03-17 20:36:33,690 [anonymous] [127.0.0.1] RECEIVED: CWD test
[ INFO] 2019-03-17 20:36:33,691 [anonymous] [127.0.0.1] SENT: 250 Directory changed to /test

[ INFO] 2019-03-17 20:36:33,691 [anonymous] [127.0.0.1] RECEIVED: EPSV ALL
[ INFO] 2019-03-17 20:36:33,691 [anonymous] [127.0.0.1] SENT: 229 Entering Passive Mode (|||50115|)

[ INFO] 2019-03-17 20:36:33,691 [anonymous] [127.0.0.1] RECEIVED: EPSV
[ WARN] 2019-03-17 20:36:33,691 [anonymous] [127.0.0.1] Releasing unreserved passive port: 50115
[ INFO] 2019-03-17 20:36:33,693 [anonymous] [127.0.0.1] SENT: 229 Entering Passive Mode (|||50116|)

[ INFO] 2019-03-17 20:36:33,694 [anonymous] [127.0.0.1] RECEIVED: RETR ServiceInversion.class
[ INFO] 2019-03-17 20:36:34,074 [anonymous] [127.0.0.1] File downloaded /test/ServiceInversion.class
[ WARN] 2019-03-17 20:36:34,076 [anonymous] [127.0.0.1] Releasing unreserved passive port: 50116
[ INFO] 2019-03-17 20:36:34,076 [anonymous] [127.0.0.1] SENT: 150 File status okay; about to open data connection.

[ INFO] 2019-03-17 20:36:34,077 [anonymous] [127.0.0.1] SENT: 226 Transfer complete.

[ INFO] 2019-03-17 20:36:34,077 [anonymous] [127.0.0.1] RECEIVED: QUIT
[ INFO] 2019-03-17 20:36:34,086 [anonymous] [127.0.0.1] SENT: 221 Goodbye.

[ INFO] 2019-03-17 20:36:34,087 [anonymous] [127.0.0.1] CLOSED
[ INFO] 2019-03-17 20:36:41,218 [] [127.0.0.1] CREATED
[ INFO] 2019-03-17 20:36:41,219 [] [127.0.0.1] OPENED
[ INFO] 2019-03-17 20:36:41,220 [] [127.0.0.1] SENT: 220 Service ready for new user.

[ INFO] 2019-03-17 20:36:41,221 [] [127.0.0.1] RECEIVED: USER anonymous
[ INFO] 2019-03-17 20:36:41,221 [anonymous] [127.0.0.1] SENT: 331 Guest login okay, send your complete e-mail address as password.

[ INFO] 2019-03-17 20:36:41,222 [anonymous] [127.0.0.1] RECEIVED: PASS *****
[ INFO] 2019-03-17 20:36:41,222 [anonymous] [127.0.0.1] Anonymous login success - Java11.0.2-redhat@
[ INFO] 2019-03-17 20:36:41,222 [anonymous] [127.0.0.1] SENT: 230 User logged in, proceed.

[ INFO] 2019-03-17 20:36:41,223 [anonymous] [127.0.0.1] RECEIVED: TYPE I
[ INFO] 2019-03-17 20:36:41,223 [anonymous] [127.0.0.1] SENT: 200 Command TYPE okay.

[ INFO] 2019-03-17 20:36:41,224 [anonymous] [127.0.0.1] RECEIVED: CWD test
[ INFO] 2019-03-17 20:36:41,224 [anonymous] [127.0.0.1] SENT: 250 Directory changed to /test

[ INFO] 2019-03-17 20:36:41,224 [anonymous] [127.0.0.1] RECEIVED: EPSV ALL
[ INFO] 2019-03-17 20:36:41,224 [anonymous] [127.0.0.1] SENT: 229 Entering Passive Mode (|||50125|)

[ INFO] 2019-03-17 20:36:41,226 [anonymous] [127.0.0.1] RECEIVED: EPSV
[ WARN] 2019-03-17 20:36:41,226 [anonymous] [127.0.0.1] Releasing unreserved passive port: 50125
[ INFO] 2019-03-17 20:36:41,227 [anonymous] [127.0.0.1] SENT: 229 Entering Passive Mode (|||50126|)

[ INFO] 2019-03-17 20:36:41,228 [anonymous] [127.0.0.1] RECEIVED: RETR ServiceInversion.class
[ INFO] 2019-03-17 20:36:41,610 [anonymous] [127.0.0.1] File downloaded /test/ServiceInversion.class
[ WARN] 2019-03-17 20:36:41,610 [anonymous] [127.0.0.1] Releasing unreserved passive port: 50126
[ INFO] 2019-03-17 20:36:41,610 [anonymous] [127.0.0.1] SENT: 150 File status okay; about to open data connection.

[ INFO] 2019-03-17 20:36:41,611 [anonymous] [127.0.0.1] SENT: 226 Transfer complete.

[ INFO] 2019-03-17 20:36:41,611 [anonymous] [127.0.0.1] RECEIVED: QUIT
[ INFO] 2019-03-17 20:36:41,614 [anonymous] [127.0.0.1] SENT: 221 Goodbye.

[ INFO] 2019-03-17 20:36:41,614 [anonymous] [127.0.0.1] CLOSED
[ INFO] 2019-03-17 20:37:51,943 [] [127.0.0.1] CREATED
[ INFO] 2019-03-17 20:37:51,945 [] [127.0.0.1] OPENED
[ INFO] 2019-03-17 20:37:51,946 [] [127.0.0.1] SENT: 220 Service ready for new user.

[ INFO] 2019-03-17 20:37:51,947 [] [127.0.0.1] RECEIVED: USER anonymous
[ INFO] 2019-03-17 20:37:51,948 [anonymous] [127.0.0.1] SENT: 331 Guest login okay, send your complete e-mail address as password.

[ INFO] 2019-03-17 20:37:51,948 [anonymous] [127.0.0.1] RECEIVED: PASS *****
[ INFO] 2019-03-17 20:37:51,948 [anonymous] [127.0.0.1] Anonymous login success - Java11.0.2-redhat@
[ INFO] 2019-03-17 20:37:51,949 [anonymous] [127.0.0.1] SENT: 230 User logged in, proceed.

[ INFO] 2019-03-17 20:37:51,949 [anonymous] [127.0.0.1] RECEIVED: TYPE I
[ INFO] 2019-03-17 20:37:51,950 [anonymous] [127.0.0.1] SENT: 200 Command TYPE okay.

[ INFO] 2019-03-17 20:37:51,950 [anonymous] [127.0.0.1] RECEIVED: CWD test1
[ INFO] 2019-03-17 20:37:51,951 [anonymous] [127.0.0.1] SENT: 550 No such directory.

[ INFO] 2019-03-17 20:37:51,951 [anonymous] [127.0.0.1] RECEIVED: QUIT
[ INFO] 2019-03-17 20:37:51,953 [anonymous] [127.0.0.1] SENT: 221 Goodbye.

[ INFO] 2019-03-17 20:37:51,953 [anonymous] [127.0.0.1] CLOSED
[ INFO] 2019-03-17 20:40:29,253 [] [127.0.0.1] CREATED
[ INFO] 2019-03-17 20:40:29,254 [] [127.0.0.1] OPENED
[ INFO] 2019-03-17 20:40:29,256 [] [127.0.0.1] SENT: 220 Service ready for new user.

[ INFO] 2019-03-17 20:40:29,256 [] [127.0.0.1] RECEIVED: USER anonymous
[ INFO] 2019-03-17 20:40:29,257 [anonymous] [127.0.0.1] SENT: 331 Guest login okay, send your complete e-mail address as password.

[ INFO] 2019-03-17 20:40:29,257 [anonymous] [127.0.0.1] RECEIVED: PASS *****
[ INFO] 2019-03-17 20:40:29,257 [anonymous] [127.0.0.1] Anonymous login success - Java11.0.2-redhat@
[ INFO] 2019-03-17 20:40:29,258 [anonymous] [127.0.0.1] SENT: 230 User logged in, proceed.

[ INFO] 2019-03-17 20:40:29,259 [anonymous] [127.0.0.1] RECEIVED: TYPE I
[ INFO] 2019-03-17 20:40:29,259 [anonymous] [127.0.0.1] SENT: 200 Command TYPE okay.

[ INFO] 2019-03-17 20:40:29,259 [anonymous] [127.0.0.1] RECEIVED: CWD test
[ INFO] 2019-03-17 20:40:29,260 [anonymous] [127.0.0.1] SENT: 250 Directory changed to /test

[ INFO] 2019-03-17 20:40:29,260 [anonymous] [127.0.0.1] RECEIVED: EPSV ALL
[ INFO] 2019-03-17 20:40:29,261 [anonymous] [127.0.0.1] SENT: 229 Entering Passive Mode (|||50337|)

[ INFO] 2019-03-17 20:40:29,261 [anonymous] [127.0.0.1] RECEIVED: EPSV
[ WARN] 2019-03-17 20:40:29,261 [anonymous] [127.0.0.1] Releasing unreserved passive port: 50337
[ INFO] 2019-03-17 20:40:29,262 [anonymous] [127.0.0.1] SENT: 229 Entering Passive Mode (|||50338|)

[ INFO] 2019-03-17 20:40:29,263 [anonymous] [127.0.0.1] RECEIVED: RETR ServiceAnalyseXML.class
[ INFO] 2019-03-17 20:40:29,849 [anonymous] [127.0.0.1] File downloaded /test/ServiceAnalyseXML.class
[ WARN] 2019-03-17 20:40:29,850 [anonymous] [127.0.0.1] Releasing unreserved passive port: 50338
[ INFO] 2019-03-17 20:40:29,850 [anonymous] [127.0.0.1] SENT: 150 File status okay; about to open data connection.

[ INFO] 2019-03-17 20:40:29,850 [anonymous] [127.0.0.1] SENT: 226 Transfer complete.

[ INFO] 2019-03-17 20:40:29,850 [anonymous] [127.0.0.1] RECEIVED: QUIT
[ INFO] 2019-03-17 20:40:29,854 [anonymous] [127.0.0.1] SENT: 221 Goodbye.

[ INFO] 2019-03-17 20:40:29,855 [anonymous] [127.0.0.1] CLOSED
[ INFO] 2019-03-17 20:40:46,808 [] [0:0:0:0:0:0:0:1] CREATED
[ INFO] 2019-03-17 20:40:46,809 [] [0:0:0:0:0:0:0:1] OPENED
[ INFO] 2019-03-17 20:40:46,812 [] [0:0:0:0:0:0:0:1] SENT: 220 Service ready for new user.

[ INFO] 2019-03-17 20:40:46,813 [] [0:0:0:0:0:0:0:1] RECEIVED: USER anonymous
[ INFO] 2019-03-17 20:40:46,817 [anonymous] [0:0:0:0:0:0:0:1] SENT: 331 Guest login okay, send your complete e-mail address as password.

[ INFO] 2019-03-17 20:40:46,818 [anonymous] [0:0:0:0:0:0:0:1] RECEIVED: PASS *****
[ INFO] 2019-03-17 20:40:46,820 [anonymous] [0:0:0:0:0:0:0:1] Anonymous login success - chrome@example.com
[ INFO] 2019-03-17 20:40:46,822 [anonymous] [0:0:0:0:0:0:0:1] SENT: 230 User logged in, proceed.

[ INFO] 2019-03-17 20:40:46,822 [anonymous] [0:0:0:0:0:0:0:1] RECEIVED: SYST
[ INFO] 2019-03-17 20:40:46,824 [anonymous] [0:0:0:0:0:0:0:1] SENT: 215 UNIX Type: Apache FtpServer

[ INFO] 2019-03-17 20:40:46,824 [anonymous] [0:0:0:0:0:0:0:1] RECEIVED: PWD
[ INFO] 2019-03-17 20:40:46,826 [anonymous] [0:0:0:0:0:0:0:1] SENT: 257 "/" is current directory.

[ INFO] 2019-03-17 20:40:46,826 [anonymous] [0:0:0:0:0:0:0:1] RECEIVED: TYPE I
[ INFO] 2019-03-17 20:40:46,827 [anonymous] [0:0:0:0:0:0:0:1] SENT: 200 Command TYPE okay.

[ INFO] 2019-03-17 20:40:46,828 [anonymous] [0:0:0:0:0:0:0:1] RECEIVED: SIZE /test
[ INFO] 2019-03-17 20:40:46,830 [anonymous] [0:0:0:0:0:0:0:1] SENT: 550 /test: Not a plain file.

[ INFO] 2019-03-17 20:40:46,831 [anonymous] [0:0:0:0:0:0:0:1] RECEIVED: CWD /test/
[ INFO] 2019-03-17 20:40:46,832 [anonymous] [0:0:0:0:0:0:0:1] SENT: 250 Directory changed to /test

[ INFO] 2019-03-17 20:40:46,833 [anonymous] [0:0:0:0:0:0:0:1] RECEIVED: EPSV
[ INFO] 2019-03-17 20:40:46,836 [anonymous] [0:0:0:0:0:0:0:1] SENT: 229 Entering Passive Mode (|||50356|)

[ INFO] 2019-03-17 20:40:46,838 [anonymous] [0:0:0:0:0:0:0:1] RECEIVED: LIST -l
[ WARN] 2019-03-17 20:40:46,852 [anonymous] [0:0:0:0:0:0:0:1] Releasing unreserved passive port: 50356
[ INFO] 2019-03-17 20:40:46,852 [anonymous] [0:0:0:0:0:0:0:1] SENT: 150 File status okay; about to open data connection.

[ INFO] 2019-03-17 20:40:46,852 [anonymous] [0:0:0:0:0:0:0:1] SENT: 226 Closing data connection.

[ INFO] 2019-03-17 20:40:46,853 [anonymous] [0:0:0:0:0:0:0:1] RECEIVED: QUIT
[ INFO] 2019-03-17 20:40:46,856 [anonymous] [0:0:0:0:0:0:0:1] SENT: 221 Goodbye.

[ INFO] 2019-03-17 20:40:46,856 [anonymous] [0:0:0:0:0:0:0:1] CLOSED
[ INFO] 2019-03-17 20:40:50,146 [] [0:0:0:0:0:0:0:1] CREATED
[ INFO] 2019-03-17 20:40:50,147 [] [0:0:0:0:0:0:0:1] OPENED
[ INFO] 2019-03-17 20:40:50,149 [] [0:0:0:0:0:0:0:1] SENT: 220 Service ready for new user.

[ INFO] 2019-03-17 20:40:50,150 [] [0:0:0:0:0:0:0:1] RECEIVED: USER anonymous
[ INFO] 2019-03-17 20:40:50,151 [anonymous] [0:0:0:0:0:0:0:1] SENT: 331 Guest login okay, send your complete e-mail address as password.

[ INFO] 2019-03-17 20:40:50,151 [anonymous] [0:0:0:0:0:0:0:1] RECEIVED: PASS *****
[ INFO] 2019-03-17 20:40:50,152 [anonymous] [0:0:0:0:0:0:0:1] Anonymous login success - chrome@example.com
[ INFO] 2019-03-17 20:40:50,153 [anonymous] [0:0:0:0:0:0:0:1] SENT: 230 User logged in, proceed.

[ INFO] 2019-03-17 20:40:50,153 [anonymous] [0:0:0:0:0:0:0:1] RECEIVED: SYST
[ INFO] 2019-03-17 20:40:50,155 [anonymous] [0:0:0:0:0:0:0:1] SENT: 215 UNIX Type: Apache FtpServer

[ INFO] 2019-03-17 20:40:50,155 [anonymous] [0:0:0:0:0:0:0:1] RECEIVED: PWD
[ INFO] 2019-03-17 20:40:50,156 [anonymous] [0:0:0:0:0:0:0:1] SENT: 257 "/" is current directory.

[ INFO] 2019-03-17 20:40:50,156 [anonymous] [0:0:0:0:0:0:0:1] RECEIVED: TYPE I
[ INFO] 2019-03-17 20:40:50,157 [anonymous] [0:0:0:0:0:0:0:1] SENT: 200 Command TYPE okay.

[ INFO] 2019-03-17 20:40:50,157 [anonymous] [0:0:0:0:0:0:0:1] RECEIVED: SIZE /
[ INFO] 2019-03-17 20:40:50,159 [anonymous] [0:0:0:0:0:0:0:1] SENT: 550 /: Not a plain file.

[ INFO] 2019-03-17 20:40:50,159 [anonymous] [0:0:0:0:0:0:0:1] RECEIVED: CWD /
[ INFO] 2019-03-17 20:40:50,160 [anonymous] [0:0:0:0:0:0:0:1] SENT: 250 Directory changed to /

[ INFO] 2019-03-17 20:40:50,160 [anonymous] [0:0:0:0:0:0:0:1] RECEIVED: EPSV
[ INFO] 2019-03-17 20:40:50,163 [anonymous] [0:0:0:0:0:0:0:1] SENT: 229 Entering Passive Mode (|||50362|)

[ INFO] 2019-03-17 20:40:50,164 [anonymous] [0:0:0:0:0:0:0:1] RECEIVED: LIST -l
[ WARN] 2019-03-17 20:40:50,176 [anonymous] [0:0:0:0:0:0:0:1] Releasing unreserved passive port: 50362
[ INFO] 2019-03-17 20:40:50,176 [anonymous] [0:0:0:0:0:0:0:1] SENT: 150 File status okay; about to open data connection.

[ INFO] 2019-03-17 20:40:50,178 [anonymous] [0:0:0:0:0:0:0:1] SENT: 226 Closing data connection.

[ INFO] 2019-03-17 20:40:50,178 [anonymous] [0:0:0:0:0:0:0:1] RECEIVED: QUIT
[ INFO] 2019-03-17 20:40:50,180 [anonymous] [0:0:0:0:0:0:0:1] SENT: 221 Goodbye.

[ INFO] 2019-03-17 20:40:50,181 [anonymous] [0:0:0:0:0:0:0:1] CLOSED
[ INFO] 2019-03-17 20:41:19,574 [] [127.0.0.1] CREATED
[ INFO] 2019-03-17 20:41:19,575 [] [127.0.0.1] OPENED
[ INFO] 2019-03-17 20:41:19,576 [] [127.0.0.1] SENT: 220 Service ready for new user.

[ INFO] 2019-03-17 20:41:19,576 [] [127.0.0.1] RECEIVED: USER anonymous
[ INFO] 2019-03-17 20:41:19,576 [anonymous] [127.0.0.1] SENT: 331 Guest login okay, send your complete e-mail address as password.

[ INFO] 2019-03-17 20:41:19,578 [anonymous] [127.0.0.1] RECEIVED: PASS *****
[ INFO] 2019-03-17 20:41:19,578 [anonymous] [127.0.0.1] Anonymous login success - Java11.0.2-redhat@
[ INFO] 2019-03-17 20:41:19,578 [anonymous] [127.0.0.1] SENT: 230 User logged in, proceed.

[ INFO] 2019-03-17 20:41:19,580 [anonymous] [127.0.0.1] RECEIVED: TYPE I
[ INFO] 2019-03-17 20:41:19,580 [anonymous] [127.0.0.1] SENT: 200 Command TYPE okay.

[ INFO] 2019-03-17 20:41:19,580 [anonymous] [127.0.0.1] RECEIVED: EPSV ALL
[ INFO] 2019-03-17 20:41:19,581 [anonymous] [127.0.0.1] SENT: 229 Entering Passive Mode (|||50388|)

[ INFO] 2019-03-17 20:41:19,581 [anonymous] [127.0.0.1] RECEIVED: EPSV
[ WARN] 2019-03-17 20:41:19,581 [anonymous] [127.0.0.1] Releasing unreserved passive port: 50388
[ INFO] 2019-03-17 20:41:19,582 [anonymous] [127.0.0.1] SENT: 229 Entering Passive Mode (|||50389|)

[ INFO] 2019-03-17 20:41:19,583 [anonymous] [127.0.0.1] RECEIVED: RETR XML.xml
[ INFO] 2019-03-17 20:41:20,404 [anonymous] [127.0.0.1] File downloaded /XML.xml
[ WARN] 2019-03-17 20:41:20,404 [anonymous] [127.0.0.1] Releasing unreserved passive port: 50389
[ INFO] 2019-03-17 20:41:20,404 [anonymous] [127.0.0.1] SENT: 150 File status okay; about to open data connection.

[ INFO] 2019-03-17 20:41:20,404 [anonymous] [127.0.0.1] SENT: 226 Transfer complete.

[ INFO] 2019-03-17 20:44:05,327 [] [127.0.0.1] CREATED
[ INFO] 2019-03-17 20:44:05,327 [] [127.0.0.1] OPENED
[ INFO] 2019-03-17 20:44:05,330 [] [127.0.0.1] SENT: 220 Service ready for new user.

[ INFO] 2019-03-17 20:44:05,330 [] [127.0.0.1] RECEIVED: USER anonymous
[ INFO] 2019-03-17 20:44:05,331 [anonymous] [127.0.0.1] SENT: 331 Guest login okay, send your complete e-mail address as password.

[ INFO] 2019-03-17 20:44:05,331 [anonymous] [127.0.0.1] RECEIVED: PASS *****
[ INFO] 2019-03-17 20:44:05,331 [anonymous] [127.0.0.1] Anonymous login success - Java11.0.2-redhat@
[ INFO] 2019-03-17 20:44:05,332 [anonymous] [127.0.0.1] SENT: 230 User logged in, proceed.

[ INFO] 2019-03-17 20:44:05,332 [anonymous] [127.0.0.1] RECEIVED: TYPE I
[ INFO] 2019-03-17 20:44:05,332 [anonymous] [127.0.0.1] SENT: 200 Command TYPE okay.

[ INFO] 2019-03-17 20:44:05,333 [anonymous] [127.0.0.1] RECEIVED: EPSV ALL
[ INFO] 2019-03-17 20:44:05,333 [anonymous] [127.0.0.1] SENT: 229 Entering Passive Mode (|||50529|)

[ INFO] 2019-03-17 20:44:05,334 [anonymous] [127.0.0.1] RECEIVED: EPSV
[ WARN] 2019-03-17 20:44:05,335 [anonymous] [127.0.0.1] Releasing unreserved passive port: 50529
[ INFO] 2019-03-17 20:44:05,336 [anonymous] [127.0.0.1] SENT: 229 Entering Passive Mode (|||50530|)

[ INFO] 2019-03-17 20:44:05,336 [anonymous] [127.0.0.1] RECEIVED: RETR XML.xml
[ INFO] 2019-03-17 20:44:06,288 [anonymous] [127.0.0.1] File downloaded /XML.xml
[ WARN] 2019-03-17 20:44:06,289 [anonymous] [127.0.0.1] Releasing unreserved passive port: 50530
[ INFO] 2019-03-17 20:44:06,289 [anonymous] [127.0.0.1] SENT: 150 File status okay; about to open data connection.

[ INFO] 2019-03-17 20:44:06,290 [anonymous] [127.0.0.1] SENT: 226 Transfer complete.

[ INFO] 2019-03-17 20:44:06,305 [anonymous] [127.0.0.1] RECEIVED: QUIT
[ INFO] 2019-03-17 20:44:06,307 [anonymous] [127.0.0.1] SENT: 221 Goodbye.

[ INFO] 2019-03-17 20:44:06,307 [anonymous] [127.0.0.1] CLOSED
[ WARN] 2019-03-17 20:44:19,233 [anonymous] [127.0.0.1] EXCEPTION :
java.io.IOException: Une connexion existante a dû être fermée par l’hôte distant
	at java.base/sun.nio.ch.SocketDispatcher.read0(Native Method)
	at java.base/sun.nio.ch.SocketDispatcher.read(SocketDispatcher.java:43)
	at java.base/sun.nio.ch.IOUtil.readIntoNativeBuffer(IOUtil.java:276)
	at java.base/sun.nio.ch.IOUtil.read(IOUtil.java:245)
	at java.base/sun.nio.ch.IOUtil.read(IOUtil.java:223)
	at java.base/sun.nio.ch.SocketChannelImpl.read(SocketChannelImpl.java:358)
	at org.apache.mina.transport.socket.nio.NioProcessor.read(NioProcessor.java:317)
	at org.apache.mina.transport.socket.nio.NioProcessor.read(NioProcessor.java:45)
	at org.apache.mina.core.polling.AbstractPollingIoProcessor.read(AbstractPollingIoProcessor.java:683)
	at org.apache.mina.core.polling.AbstractPollingIoProcessor.process(AbstractPollingIoProcessor.java:659)
	at org.apache.mina.core.polling.AbstractPollingIoProcessor.process(AbstractPollingIoProcessor.java:648)
	at org.apache.mina.core.polling.AbstractPollingIoProcessor.access$600(AbstractPollingIoProcessor.java:68)
	at org.apache.mina.core.polling.AbstractPollingIoProcessor$Processor.run(AbstractPollingIoProcessor.java:1120)
	at org.apache.mina.util.NamePreservingRunnable.run(NamePreservingRunnable.java:64)
	at java.base/java.util.concurrent.ThreadPoolExecutor.runWorker(ThreadPoolExecutor.java:1128)
	at java.base/java.util.concurrent.ThreadPoolExecutor$Worker.run(ThreadPoolExecutor.java:628)
	at java.base/java.lang.Thread.run(Thread.java:834)
[ERROR] 2019-03-17 20:44:19,237 [anonymous] [127.0.0.1] Exception caught, closing session
java.io.IOException: Une connexion existante a dû être fermée par l’hôte distant
	at java.base/sun.nio.ch.SocketDispatcher.read0(Native Method)
	at java.base/sun.nio.ch.SocketDispatcher.read(SocketDispatcher.java:43)
	at java.base/sun.nio.ch.IOUtil.readIntoNativeBuffer(IOUtil.java:276)
	at java.base/sun.nio.ch.IOUtil.read(IOUtil.java:245)
	at java.base/sun.nio.ch.IOUtil.read(IOUtil.java:223)
	at java.base/sun.nio.ch.SocketChannelImpl.read(SocketChannelImpl.java:358)
	at org.apache.mina.transport.socket.nio.NioProcessor.read(NioProcessor.java:317)
	at org.apache.mina.transport.socket.nio.NioProcessor.read(NioProcessor.java:45)
	at org.apache.mina.core.polling.AbstractPollingIoProcessor.read(AbstractPollingIoProcessor.java:683)
	at org.apache.mina.core.polling.AbstractPollingIoProcessor.process(AbstractPollingIoProcessor.java:659)
	at org.apache.mina.core.polling.AbstractPollingIoProcessor.process(AbstractPollingIoProcessor.java:648)
	at org.apache.mina.core.polling.AbstractPollingIoProcessor.access$600(AbstractPollingIoProcessor.java:68)
	at org.apache.mina.core.polling.AbstractPollingIoProcessor$Processor.run(AbstractPollingIoProcessor.java:1120)
	at org.apache.mina.util.NamePreservingRunnable.run(NamePreservingRunnable.java:64)
	at java.base/java.util.concurrent.ThreadPoolExecutor.runWorker(ThreadPoolExecutor.java:1128)
	at java.base/java.util.concurrent.ThreadPoolExecutor$Worker.run(ThreadPoolExecutor.java:628)
	at java.base/java.lang.Thread.run(Thread.java:834)
[ INFO] 2019-03-17 20:44:19,237 [anonymous] [127.0.0.1] CLOSED
[ INFO] 2019-03-17 21:03:50,937 [] [127.0.0.1] CREATED
[ INFO] 2019-03-17 21:03:50,938 [] [127.0.0.1] OPENED
[ INFO] 2019-03-17 21:03:50,940 [] [127.0.0.1] SENT: 220 Service ready for new user.

[ INFO] 2019-03-17 21:03:50,941 [] [127.0.0.1] RECEIVED: USER anonymous
[ INFO] 2019-03-17 21:03:50,941 [anonymous] [127.0.0.1] SENT: 331 Guest login okay, send your complete e-mail address as password.

[ INFO] 2019-03-17 21:03:50,942 [anonymous] [127.0.0.1] RECEIVED: PASS *****
[ INFO] 2019-03-17 21:03:50,942 [anonymous] [127.0.0.1] Anonymous login success - Java11.0.2-redhat@
[ INFO] 2019-03-17 21:03:50,942 [anonymous] [127.0.0.1] SENT: 230 User logged in, proceed.

[ INFO] 2019-03-17 21:03:50,943 [anonymous] [127.0.0.1] RECEIVED: TYPE I
[ INFO] 2019-03-17 21:03:50,943 [anonymous] [127.0.0.1] SENT: 200 Command TYPE okay.

[ INFO] 2019-03-17 21:03:50,943 [anonymous] [127.0.0.1] RECEIVED: CWD test
[ INFO] 2019-03-17 21:03:50,944 [anonymous] [127.0.0.1] SENT: 250 Directory changed to /test

[ INFO] 2019-03-17 21:03:50,944 [anonymous] [127.0.0.1] RECEIVED: EPSV ALL
[ INFO] 2019-03-17 21:03:50,945 [anonymous] [127.0.0.1] SENT: 229 Entering Passive Mode (|||51502|)

[ INFO] 2019-03-17 21:03:50,945 [anonymous] [127.0.0.1] RECEIVED: EPSV
[ WARN] 2019-03-17 21:03:50,945 [anonymous] [127.0.0.1] Releasing unreserved passive port: 51502
[ INFO] 2019-03-17 21:03:50,946 [anonymous] [127.0.0.1] SENT: 229 Entering Passive Mode (|||51503|)

[ INFO] 2019-03-17 21:03:50,947 [anonymous] [127.0.0.1] RECEIVED: RETR ServiceInversion.class
[ INFO] 2019-03-17 21:03:51,300 [anonymous] [127.0.0.1] File downloaded /test/ServiceInversion.class
[ WARN] 2019-03-17 21:03:51,301 [anonymous] [127.0.0.1] Releasing unreserved passive port: 51503
[ INFO] 2019-03-17 21:03:51,301 [anonymous] [127.0.0.1] SENT: 150 File status okay; about to open data connection.

[ INFO] 2019-03-17 21:03:51,301 [anonymous] [127.0.0.1] SENT: 226 Transfer complete.

[ INFO] 2019-03-17 21:03:51,303 [anonymous] [127.0.0.1] RECEIVED: QUIT
[ INFO] 2019-03-17 21:03:51,306 [anonymous] [127.0.0.1] SENT: 221 Goodbye.

[ INFO] 2019-03-17 21:03:51,306 [anonymous] [127.0.0.1] CLOSED
[ INFO] 2019-03-17 21:04:29,658 [] [127.0.0.1] CREATED
[ INFO] 2019-03-17 21:04:29,659 [] [127.0.0.1] OPENED
[ INFO] 2019-03-17 21:04:29,660 [] [127.0.0.1] SENT: 220 Service ready for new user.

[ INFO] 2019-03-17 21:04:29,661 [] [127.0.0.1] RECEIVED: USER anonymous
[ INFO] 2019-03-17 21:04:29,661 [anonymous] [127.0.0.1] SENT: 331 Guest login okay, send your complete e-mail address as password.

[ INFO] 2019-03-17 21:04:29,661 [anonymous] [127.0.0.1] RECEIVED: PASS *****
[ INFO] 2019-03-17 21:04:29,662 [anonymous] [127.0.0.1] Anonymous login success - Java11.0.2-redhat@
[ INFO] 2019-03-17 21:04:29,662 [anonymous] [127.0.0.1] SENT: 230 User logged in, proceed.

[ INFO] 2019-03-17 21:04:29,662 [anonymous] [127.0.0.1] RECEIVED: TYPE I
[ INFO] 2019-03-17 21:04:29,663 [anonymous] [127.0.0.1] SENT: 200 Command TYPE okay.

[ INFO] 2019-03-17 21:04:29,663 [anonymous] [127.0.0.1] RECEIVED: CWD test
[ INFO] 2019-03-17 21:04:29,664 [anonymous] [127.0.0.1] SENT: 250 Directory changed to /test

[ INFO] 2019-03-17 21:04:29,664 [anonymous] [127.0.0.1] RECEIVED: EPSV ALL
[ INFO] 2019-03-17 21:04:29,665 [anonymous] [127.0.0.1] SENT: 229 Entering Passive Mode (|||51537|)

[ INFO] 2019-03-17 21:04:29,665 [anonymous] [127.0.0.1] RECEIVED: EPSV
[ WARN] 2019-03-17 21:04:29,665 [anonymous] [127.0.0.1] Releasing unreserved passive port: 51537
[ INFO] 2019-03-17 21:04:29,666 [anonymous] [127.0.0.1] SENT: 229 Entering Passive Mode (|||51538|)

[ INFO] 2019-03-17 21:04:29,667 [anonymous] [127.0.0.1] RECEIVED: RETR ServiceAnalyseXML.class
[ INFO] 2019-03-17 21:04:30,272 [anonymous] [127.0.0.1] File downloaded /test/ServiceAnalyseXML.class
[ WARN] 2019-03-17 21:04:30,273 [anonymous] [127.0.0.1] Releasing unreserved passive port: 51538
[ INFO] 2019-03-17 21:04:30,273 [anonymous] [127.0.0.1] SENT: 150 File status okay; about to open data connection.

[ INFO] 2019-03-17 21:04:30,273 [anonymous] [127.0.0.1] SENT: 226 Transfer complete.

[ INFO] 2019-03-17 21:04:30,274 [anonymous] [127.0.0.1] RECEIVED: QUIT
[ INFO] 2019-03-17 21:04:30,277 [anonymous] [127.0.0.1] SENT: 221 Goodbye.

[ INFO] 2019-03-17 21:04:30,278 [anonymous] [127.0.0.1] CLOSED
[ INFO] 2019-03-17 21:06:22,027 [] [127.0.0.1] CREATED
[ INFO] 2019-03-17 21:06:22,028 [] [127.0.0.1] OPENED
[ INFO] 2019-03-17 21:06:22,029 [] [127.0.0.1] SENT: 220 Service ready for new user.

[ INFO] 2019-03-17 21:06:22,031 [] [127.0.0.1] RECEIVED: USER anonymous
[ INFO] 2019-03-17 21:06:22,032 [anonymous] [127.0.0.1] SENT: 331 Guest login okay, send your complete e-mail address as password.

[ INFO] 2019-03-17 21:06:22,032 [anonymous] [127.0.0.1] RECEIVED: PASS *****
[ INFO] 2019-03-17 21:06:22,032 [anonymous] [127.0.0.1] Anonymous login success - Java11.0.2-redhat@
[ INFO] 2019-03-17 21:06:22,032 [anonymous] [127.0.0.1] SENT: 230 User logged in, proceed.

[ INFO] 2019-03-17 21:06:22,033 [anonymous] [127.0.0.1] RECEIVED: TYPE I
[ INFO] 2019-03-17 21:06:22,033 [anonymous] [127.0.0.1] SENT: 200 Command TYPE okay.

[ INFO] 2019-03-17 21:06:22,033 [anonymous] [127.0.0.1] RECEIVED: CWD test
[ INFO] 2019-03-17 21:06:22,034 [anonymous] [127.0.0.1] SENT: 250 Directory changed to /test

[ INFO] 2019-03-17 21:06:22,035 [anonymous] [127.0.0.1] RECEIVED: EPSV ALL
[ INFO] 2019-03-17 21:06:22,035 [anonymous] [127.0.0.1] SENT: 229 Entering Passive Mode (|||51639|)

[ INFO] 2019-03-17 21:06:22,035 [anonymous] [127.0.0.1] RECEIVED: EPSV
[ WARN] 2019-03-17 21:06:22,036 [anonymous] [127.0.0.1] Releasing unreserved passive port: 51639
[ INFO] 2019-03-17 21:06:22,036 [anonymous] [127.0.0.1] SENT: 229 Entering Passive Mode (|||51640|)

[ INFO] 2019-03-17 21:06:22,038 [anonymous] [127.0.0.1] RECEIVED: RETR ServiceInversion.class
[ INFO] 2019-03-17 21:06:22,401 [anonymous] [127.0.0.1] File downloaded /test/ServiceInversion.class
[ WARN] 2019-03-17 21:06:22,401 [anonymous] [127.0.0.1] Releasing unreserved passive port: 51640
[ INFO] 2019-03-17 21:06:22,402 [anonymous] [127.0.0.1] SENT: 150 File status okay; about to open data connection.

[ INFO] 2019-03-17 21:06:22,402 [anonymous] [127.0.0.1] SENT: 226 Transfer complete.

[ INFO] 2019-03-17 21:06:22,404 [anonymous] [127.0.0.1] RECEIVED: QUIT
[ INFO] 2019-03-17 21:06:22,406 [anonymous] [127.0.0.1] SENT: 221 Goodbye.

[ INFO] 2019-03-17 21:06:22,406 [anonymous] [127.0.0.1] CLOSED
[ INFO] 2019-03-17 21:09:19,706 [] [127.0.0.1] CREATED
[ INFO] 2019-03-17 21:09:19,706 [] [127.0.0.1] OPENED
[ INFO] 2019-03-17 21:09:19,707 [] [127.0.0.1] SENT: 220 Service ready for new user.

[ INFO] 2019-03-17 21:09:19,709 [] [127.0.0.1] RECEIVED: USER anonymous
[ INFO] 2019-03-17 21:09:19,709 [anonymous] [127.0.0.1] SENT: 331 Guest login okay, send your complete e-mail address as password.

[ INFO] 2019-03-17 21:09:19,709 [anonymous] [127.0.0.1] RECEIVED: PASS *****
[ INFO] 2019-03-17 21:09:19,709 [anonymous] [127.0.0.1] Anonymous login success - Java11.0.2-redhat@
[ INFO] 2019-03-17 21:09:19,710 [anonymous] [127.0.0.1] SENT: 230 User logged in, proceed.

[ INFO] 2019-03-17 21:09:19,710 [anonymous] [127.0.0.1] RECEIVED: TYPE I
[ INFO] 2019-03-17 21:09:19,710 [anonymous] [127.0.0.1] SENT: 200 Command TYPE okay.

[ INFO] 2019-03-17 21:09:19,710 [anonymous] [127.0.0.1] RECEIVED: CWD test
[ INFO] 2019-03-17 21:09:19,712 [anonymous] [127.0.0.1] SENT: 250 Directory changed to /test

[ INFO] 2019-03-17 21:09:19,712 [anonymous] [127.0.0.1] RECEIVED: EPSV ALL
[ INFO] 2019-03-17 21:09:19,713 [anonymous] [127.0.0.1] SENT: 229 Entering Passive Mode (|||51788|)

[ INFO] 2019-03-17 21:09:19,713 [anonymous] [127.0.0.1] RECEIVED: EPSV
[ WARN] 2019-03-17 21:09:19,713 [anonymous] [127.0.0.1] Releasing unreserved passive port: 51788
[ INFO] 2019-03-17 21:09:19,714 [anonymous] [127.0.0.1] SENT: 229 Entering Passive Mode (|||51789|)

[ INFO] 2019-03-17 21:09:19,716 [anonymous] [127.0.0.1] RECEIVED: RETR ServiceInversion.class
[ INFO] 2019-03-17 21:09:20,069 [anonymous] [127.0.0.1] File downloaded /test/ServiceInversion.class
[ WARN] 2019-03-17 21:09:20,069 [anonymous] [127.0.0.1] Releasing unreserved passive port: 51789
[ INFO] 2019-03-17 21:09:20,069 [anonymous] [127.0.0.1] SENT: 150 File status okay; about to open data connection.

[ INFO] 2019-03-17 21:09:20,070 [anonymous] [127.0.0.1] SENT: 226 Transfer complete.

[ INFO] 2019-03-17 21:09:20,071 [anonymous] [127.0.0.1] RECEIVED: QUIT
[ INFO] 2019-03-17 21:09:20,073 [anonymous] [127.0.0.1] SENT: 221 Goodbye.

[ INFO] 2019-03-17 21:09:20,073 [anonymous] [127.0.0.1] CLOSED
